Fecha_Entrada,Fecha_Salida,direccion,is_ko_IG,mae_sufrimiento_max,peor_momento_pts,resultado_final_experto,puntos_recuperados_experto,sufrio_gap_peligroso,peor_salto_gap_sufrido,ahorro_gap_IG
22/12/2025 17:35,05/01/2026 11:30,Largos,False,0.0,0.0,434.0,434.0,False,0.0,0.0
05/01/2026 11:31,05/01/2026 15:36,Cortos,False,208.0,-208.0,-62.0,146.0,False,0.0,0.0
05/01/2026 15:37,13/01/2026 10:49,Largos,False,0.0,0.0,603.0,603.0,False,0.0,0.0
13/01/2026 11:26,13/01/2026 15:14,Cortos,False,290.0,-290.0,-151.0,139.0,False,0.0,0.0
14/01/2026 13:57,16/01/2026 10:32,Largos,False,0.0,0.0,-38.0,-38.0,False,0.0,0.0
16/01/2026 10:33,16/01/2026 10:48,Cortos,False,124.0,-124.0,5.0,129.0,False,0.0,0.0
16/01/2026 11:28,19/01/2026 12:48,Largos,False,305.0,-305.0,-392.0,-87.0,False,0.0,0.0
20/11/2025 12:48,20/11/2025 14:49,Cortos,False,309.0,-309.0,-82.0,227.0,False,0.0,0.0
20/11/2025 15:04,24/11/2025 14:24,Largos,False,356.0,-356.0,-207.0,149.0,False,0.0,0.0
24/11/2025 14:24,25/11/2025 09:38,Cortos,False,255.0,-255.0,-2.0,253.0,False,0.0,0.0
25/11/2025 12:36,01/12/2025 11:51,Largos,False,0.0,0.0,308.0,308.0,False,0.0,0.0
01/12/2025 13:32,01/12/2025 16:03,Cortos,False,351.0,-351.0,-153.0,198.0,False,0.0,0.0
01/12/2025 16:03,03/12/2025 09:24,Largos,False,0.0,0.0,196.0,196.0,False,0.0,0.0
03/12/2025 17:30,04/12/2025 14:46,Largos,False,0.0,0.0,227.0,227.0,False,0.0,0.0
04/12/2025 17:31,05/12/2025 09:04,Largos,False,0.0,0.0,62.0,62.0,False,0.0,0.0
05/12/2025 09:25,05/12/2025 17:04,Largos,False,0.0,0.0,85.0,85.0,False,0.0,0.0
08/12/2025 12:36,09/12/2025 09:17,Cortos,False,283.0,-283.0,-101.0,182.0,False,0.0,0.0
09/12/2025 09:25,09/12/2025 09:33,Cortos,False,181.0,-181.0,43.0,224.0,False,0.0,0.0
09/12/2025 13:53,10/12/2025 12:58,Largos,False,0.0,0.0,-56.0,-56.0,False,0.0,0.0
10/12/2025 13:55,10/12/2025 15:36,Cortos,False,201.0,-201.0,-1.0,200.0,False,0.0,0.0
10/12/2025 15:52,11/12/2025 09:04,Largos,False,0.0,0.0,-22.0,-22.0,False,0.0,0.0
11/12/2025 09:20,11/12/2025 11:15,Largos,False,0.0,0.0,87.0,87.0,False,0.0,0.0
11/12/2025 11:45,15/12/2025 16:32,Largos,False,0.0,0.0,46.0,46.0,False,0.0,0.0
16/12/2025 10:25,16/12/2025 15:26,Largos,False,0.0,0.0,-76.0,-76.0,False,0.0,0.0
16/12/2025 15:45,16/12/2025 15:58,Largos,False,0.0,0.0,28.0,28.0,False,0.0,0.0
16/12/2025 16:46,16/12/2025 17:05,Largos,False,0.0,0.0,37.0,37.0,False,0.0,0.0
17/12/2025 09:38,17/12/2025 10:04,Largos,False,0.0,0.0,-21.0,-21.0,False,0.0,0.0
17/12/2025 12:08,17/12/2025 12:17,Largos,False,0.0,0.0,-26.0,-26.0,False,0.0,0.0
17/12/2025 16:54,17/12/2025 17:16,Largos,False,0.0,0.0,-34.0,-34.0,False,0.0,0.0
18/12/2025 09:50,18/12/2025 12:11,Cortos,False,231.0,-231.0,-58.0,173.0,False,0.0,0.0
18/12/2025 15:38,18/12/2025 15:46,Cortos,False,160.0,-160.0,27.0,187.0,False,0.0,0.0
18/12/2025 16:44,18/12/2025 17:00,Largos,False,0.0,0.0,43.0,43.0,False,0.0,0.0
18/12/2025 17:00,18/12/2025 17:05,Cortos,False,167.0,-167.0,1.0,168.0,False,0.0,0.0
18/12/2025 17:33,19/12/2025 11:52,Largos,False,0.0,0.0,20.0,20.0,False,0.0,0.0
19/12/2025 15:48,19/12/2025 17:13,Largos,False,0.0,0.0,47.0,47.0,False,0.0,0.0
17/10/2025 15:52,20/10/2025 13:00,Largos,False,0.0,0.0,163.0,163.0,False,0.0,0.0
20/10/2025 15:04,27/10/2025 15:06,Largos,False,0.0,0.0,96.0,96.0,False,0.0,0.0
28/10/2025 09:13,28/10/2025 15:08,Cortos,False,389.0,-389.0,-61.0,328.0,False,0.0,0.0
28/10/2025 16:12,29/10/2025 09:03,Cortos,False,263.0,-263.0,61.0,324.0,False,0.0,0.0
29/10/2025 14:16,30/10/2025 11:00,Largos,False,5.0,-5.0,-157.0,-152.0,False,0.0,0.0
30/10/2025 13:35,30/10/2025 17:37,Largos,False,0.0,0.0,29.0,29.0,False,0.0,0.0
31/10/2025 09:02,04/11/2025 09:02,Cortos,False,397.0,-397.0,295.0,692.0,False,0.0,0.0
04/11/2025 09:23,04/11/2025 09:35,Largos,False,0.0,0.0,43.0,43.0,False,0.0,0.0
04/11/2025 10:24,04/11/2025 11:44,Cortos,False,303.0,-303.0,-64.0,239.0,False,0.0,0.0
04/11/2025 14:31,04/11/2025 15:45,Largos,False,0.0,0.0,58.0,58.0,False,0.0,0.0
04/11/2025 16:00,04/11/2025 16:13,Cortos,False,245.0,-245.0,19.0,264.0,False,0.0,0.0
04/11/2025 16:13,04/11/2025 16:40,Largos,False,0.0,0.0,41.0,41.0,False,0.0,0.0
04/11/2025 16:40,04/11/2025 16:59,Cortos,False,240.0,-240.0,30.0,270.0,False,0.0,0.0
04/11/2025 16:59,06/11/2025 15:36,Largos,False,115.0,-115.0,35.0,150.0,False,0.0,0.0
06/11/2025 15:36,07/11/2025 09:59,Cortos,False,231.0,-231.0,226.0,457.0,False,0.0,0.0
07/11/2025 12:04,10/11/2025 10:48,Cortos,True,626.0,-626.0,-386.0,240.0,False,0.0,0.0
10/11/2025 14:32,10/11/2025 16:32,Cortos,False,244.0,-244.0,6.0,250.0,False,0.0,0.0
10/11/2025 16:32,12/11/2025 10:00,Largos,False,0.0,0.0,333.0,333.0,False,0.0,0.0
12/11/2025 10:35,13/11/2025 10:40,Largos,False,0.0,0.0,-78.0,-78.0,False,0.0,0.0
13/11/2025 13:45,14/11/2025 16:32,Cortos,False,232.0,-232.0,425.0,657.0,False,0.0,0.0
17/11/2025 10:43,17/11/2025 12:42,Cortos,False,218.0,-218.0,91.0,309.0,False,0.0,0.0
17/11/2025 12:42,17/11/2025 15:28,Largos,False,0.0,0.0,-102.0,-102.0,False,0.0,0.0
17/11/2025 16:00,17/11/2025 17:20,Largos,False,0.0,0.0,-167.0,-167.0,False,0.0,0.0
17/11/2025 17:20,18/11/2025 10:10,Cortos,False,331.0,-331.0,215.0,546.0,False,0.0,0.0
18/11/2025 10:24,18/11/2025 10:36,Largos,False,0.0,0.0,-33.0,-33.0,False,0.0,0.0
18/11/2025 12:49,19/11/2025 09:02,Cortos,False,222.0,-222.0,114.0,336.0,False,0.0,0.0
19/11/2025 16:30,19/11/2025 17:04,Largos,False,0.0,0.0,-125.0,-125.0,False,0.0,0.0
23/09/2025 09:12,23/09/2025 10:21,Cortos,False,331.0,-331.0,-32.0,299.0,False,0.0,0.0
23/09/2025 10:40,23/09/2025 12:06,Largos,False,0.0,0.0,-54.0,-54.0,False,0.0,0.0
23/09/2025 14:29,23/09/2025 14:59,Cortos,False,304.0,-304.0,-5.0,299.0,False,0.0,0.0
24/09/2025 09:32,24/09/2025 09:48,Largos,False,0.0,0.0,64.0,64.0,False,0.0,0.0
24/09/2025 13:43,24/09/2025 13:48,Largos,False,0.0,0.0,15.0,15.0,False,0.0,0.0
24/09/2025 14:01,24/09/2025 15:07,Cortos,False,333.0,-333.0,-28.0,305.0,False,0.0,0.0
24/09/2025 15:43,24/09/2025 16:01,Cortos,False,297.0,-297.0,51.0,348.0,False,0.0,0.0
24/09/2025 16:32,24/09/2025 16:49,Cortos,False,328.0,-328.0,-8.0,320.0,False,0.0,0.0
25/09/2025 10:00,25/09/2025 11:37,Largos,False,0.0,0.0,-63.0,-63.0,False,0.0,0.0
25/09/2025 13:21,25/09/2025 14:00,Largos,False,0.0,0.0,13.0,13.0,False,0.0,0.0
25/09/2025 16:48,25/09/2025 17:27,Cortos,False,306.0,-306.0,31.0,337.0,False,0.0,0.0
26/09/2025 10:11,26/09/2025 10:51,Cortos,False,294.0,-294.0,71.0,365.0,False,0.0,0.0
26/09/2025 14:45,26/09/2025 16:49,Cortos,False,319.0,-319.0,40.0,359.0,False,0.0,0.0
29/09/2025 17:12,30/09/2025 09:07,Cortos,False,375.0,-375.0,-78.0,297.0,False,0.0,0.0
30/09/2025 17:05,30/09/2025 17:19,Cortos,False,327.0,-327.0,2.0,329.0,False,0.0,0.0
01/10/2025 11:30,01/10/2025 11:43,Cortos,False,309.0,-309.0,-11.0,298.0,False,0.0,0.0
01/10/2025 12:21,01/10/2025 13:02,Cortos,False,306.0,-306.0,-11.0,295.0,False,0.0,0.0
01/10/2025 13:10,01/10/2025 15:27,Cortos,False,319.0,-319.0,-25.0,294.0,False,0.0,0.0
01/10/2025 16:25,02/10/2025 10:29,Cortos,True,572.0,-572.0,-267.0,305.0,False,0.0,0.0
02/10/2025 10:29,02/10/2025 11:36,Largos,False,0.0,0.0,-7.0,-7.0,False,0.0,0.0
06/10/2025 16:21,07/10/2025 13:08,Cortos,False,335.0,-335.0,-15.0,320.0,False,0.0,0.0
07/10/2025 13:09,07/10/2025 17:26,Largos,False,0.0,0.0,-53.0,-53.0,False,0.0,0.0
07/10/2025 17:27,08/10/2025 11:38,Largos,False,0.0,0.0,-1.0,-1.0,False,0.0,0.0
08/10/2025 11:39,08/10/2025 12:42,Cortos,False,286.0,-286.0,0.0,286.0,False,0.0,0.0
10/10/2025 12:43,10/10/2025 17:24,Largos,False,0.0,0.0,-185.0,-185.0,False,0.0,0.0
14/10/2025 09:52,14/10/2025 09:58,Largos,False,0.0,0.0,-255.0,-255.0,False,0.0,0.0
15/10/2025 12:56,16/10/2025 09:02,Cortos,True,549.0,-549.0,-312.0,237.0,False,0.0,0.0
16/10/2025 09:03,16/10/2025 10:50,Cortos,False,270.0,-270.0,45.0,315.0,False,0.0,0.0
16/10/2025 12:00,16/10/2025 13:58,Largos,False,0.0,0.0,-27.0,-27.0,False,0.0,0.0
16/10/2025 16:17,16/10/2025 17:16,Cortos,False,411.0,-411.0,-131.0,280.0,False,0.0,0.0
16/10/2025 17:17,17/10/2025 11:41,Largos,False,323.0,-323.0,-505.0,-182.0,False,0.0,0.0
20/08/2025 09:07,21/08/2025 09:08,Cortos,False,482.0,-482.0,-59.0,423.0,False,0.0,0.0
21/08/2025 13:38,21/08/2025 15:59,Largos,False,0.0,0.0,52.0,52.0,False,0.0,0.0
22/08/2025 10:26,22/08/2025 10:33,Cortos,False,362.0,-362.0,-9.0,353.0,False,0.0,0.0
22/08/2025 16:01,25/08/2025 09:04,Cortos,False,380.0,-380.0,173.0,553.0,False,0.0,0.0
25/08/2025 10:16,25/08/2025 10:29,Largos,False,0.0,0.0,35.0,35.0,False,0.0,0.0
25/08/2025 12:37,25/08/2025 13:06,Cortos,False,354.0,-354.0,-5.0,349.0,False,0.0,0.0
25/08/2025 15:28,25/08/2025 16:10,Cortos,False,348.0,-348.0,46.0,394.0,False,0.0,0.0
25/08/2025 16:43,25/08/2025 17:06,Largos,False,0.0,0.0,27.0,27.0,False,0.0,0.0
26/08/2025 09:04,26/08/2025 09:13,Largos,False,0.0,0.0,-85.0,-85.0,False,0.0,0.0
26/08/2025 09:13,26/08/2025 09:31,Cortos,False,385.0,-385.0,-41.0,344.0,False,0.0,0.0
26/08/2025 09:31,26/08/2025 09:58,Largos,False,0.0,0.0,60.0,60.0,False,0.0,0.0
26/08/2025 10:05,26/08/2025 14:36,Largos,False,0.0,0.0,54.0,54.0,False,0.0,0.0
26/08/2025 16:09,26/08/2025 16:21,Cortos,False,347.0,-347.0,7.0,354.0,False,0.0,0.0
26/08/2025 16:46,26/08/2025 17:26,Cortos,False,348.0,-348.0,52.0,400.0,False,0.0,0.0
27/08/2025 10:15,27/08/2025 11:11,Largos,False,0.0,0.0,15.0,15.0,False,0.0,0.0
27/08/2025 11:14,27/08/2025 11:28,Cortos,False,354.0,-354.0,-10.0,344.0,False,0.0,0.0
27/08/2025 13:10,27/08/2025 15:56,Largos,False,0.0,0.0,-85.0,-85.0,False,0.0,0.0
27/08/2025 16:37,28/08/2025 09:02,Largos,False,0.0,0.0,199.0,199.0,False,0.0,0.0
28/08/2025 09:06,28/08/2025 09:10,Cortos,False,338.0,-338.0,39.0,377.0,False,0.0,0.0
28/08/2025 10:39,28/08/2025 10:55,Largos,False,0.0,0.0,-8.0,-8.0,False,0.0,0.0
28/08/2025 12:09,28/08/2025 12:11,Largos,False,0.0,0.0,-10.0,-10.0,False,0.0,0.0
29/08/2025 10:47,29/08/2025 15:00,Largos,False,0.0,0.0,138.0,138.0,False,0.0,0.0
29/08/2025 15:08,29/08/2025 15:59,Largos,False,0.0,0.0,-46.0,-46.0,False,0.0,0.0
02/09/2025 09:54,02/09/2025 10:15,Largos,False,0.0,0.0,-23.0,-23.0,False,0.0,0.0
02/09/2025 12:18,02/09/2025 14:15,Largos,False,0.0,0.0,-96.0,-96.0,False,0.0,0.0
02/09/2025 14:41,02/09/2025 17:08,Largos,False,0.0,0.0,-52.0,-52.0,False,0.0,0.0
02/09/2025 17:29,03/09/2025 09:54,Cortos,False,465.0,-465.0,-59.0,406.0,False,0.0,0.0
03/09/2025 10:10,04/09/2025 12:20,Largos,False,0.0,0.0,158.0,158.0,False,0.0,0.0
04/09/2025 12:20,04/09/2025 12:51,Cortos,False,326.0,-326.0,3.0,329.0,False,0.0,0.0
04/09/2025 12:51,05/09/2025 09:02,Largos,False,0.0,0.0,89.0,89.0,False,0.0,0.0
05/09/2025 11:36,05/09/2025 14:02,Largos,False,0.0,0.0,-19.0,-19.0,False,0.0,0.0
08/09/2025 09:03,08/09/2025 09:47,Cortos,False,344.0,-344.0,-18.0,326.0,False,0.0,0.0
10/09/2025 09:15,10/09/2025 10:44,Largos,False,0.0,0.0,-89.0,-89.0,False,0.0,0.0
10/09/2025 10:44,10/09/2025 11:27,Cortos,False,325.0,-325.0,49.0,374.0,False,0.0,0.0
10/09/2025 15:55,10/09/2025 16:18,Largos,False,0.0,0.0,-21.0,-21.0,False,0.0,0.0
11/09/2025 14:22,11/09/2025 14:37,Cortos,False,326.0,-326.0,52.0,378.0,False,0.0,0.0
11/09/2025 14:52,11/09/2025 15:00,Cortos,False,349.0,-349.0,-25.0,324.0,False,0.0,0.0
11/09/2025 15:47,11/09/2025 16:32,Cortos,False,362.0,-362.0,59.0,421.0,False,0.0,0.0
11/09/2025 16:46,12/09/2025 11:24,Cortos,False,416.0,-416.0,40.0,456.0,False,0.0,0.0
12/09/2025 14:18,12/09/2025 14:25,Cortos,False,304.0,-304.0,13.0,317.0,False,0.0,0.0
12/09/2025 15:36,12/09/2025 16:41,Cortos,False,310.0,-310.0,20.0,330.0,False,0.0,0.0
15/09/2025 10:15,15/09/2025 11:16,Cortos,False,336.0,-336.0,52.0,388.0,False,0.0,0.0
15/09/2025 13:27,15/09/2025 14:31,Cortos,False,329.0,-329.0,26.0,355.0,False,0.0,0.0
15/09/2025 15:02,15/09/2025 15:16,Largos,False,0.0,0.0,-16.0,-16.0,False,0.0,0.0
15/09/2025 15:32,15/09/2025 16:21,Largos,False,0.0,0.0,51.0,51.0,False,0.0,0.0
16/09/2025 12:02,16/09/2025 12:37,Largos,False,0.0,0.0,45.0,45.0,False,0.0,0.0
16/09/2025 13:17,16/09/2025 14:03,Largos,False,0.0,0.0,4.0,4.0,False,0.0,0.0
16/09/2025 15:07,16/09/2025 17:02,Largos,False,0.0,0.0,-194.0,-194.0,False,0.0,0.0
17/09/2025 09:03,17/09/2025 09:40,Largos,False,0.0,0.0,45.0,45.0,False,0.0,0.0
17/09/2025 11:46,17/09/2025 12:33,Largos,False,0.0,0.0,-4.0,-4.0,False,0.0,0.0
17/09/2025 12:44,17/09/2025 15:49,Cortos,False,430.0,-430.0,-130.0,300.0,False,0.0,0.0
17/09/2025 17:06,17/09/2025 17:28,Largos,False,0.0,0.0,34.0,34.0,False,0.0,0.0
18/09/2025 09:06,18/09/2025 09:15,Cortos,False,338.0,-338.0,-47.0,291.0,False,0.0,0.0
18/09/2025 11:32,18/09/2025 16:27,Cortos,False,338.0,-338.0,-34.0,304.0,False,0.0,0.0
19/09/2025 10:11,19/09/2025 10:33,Cortos,False,302.0,-302.0,44.0,346.0,False,0.0,0.0
19/09/2025 11:02,19/09/2025 11:02,Largos,False,0.0,0.0,-19.0,-19.0,False,0.0,0.0
19/09/2025 12:08,19/09/2025 13:12,Largos,False,0.0,0.0,24.0,24.0,False,0.0,0.0
18/07/2025 09:01,22/07/2025 13:08,Largos,False,56.0,-56.0,-420.0,-364.0,False,0.0,0.0
23/07/2025 09:43,23/07/2025 10:49,Largos,False,0.0,0.0,92.0,92.0,False,0.0,0.0
23/07/2025 11:30,24/07/2025 09:03,Largos,False,0.0,0.0,274.0,274.0,False,0.0,0.0
25/07/2025 09:02,25/07/2025 09:05,Largos,False,0.0,0.0,-18.0,-18.0,False,0.0,0.0
25/07/2025 11:16,25/07/2025 16:53,Largos,False,0.0,0.0,84.0,84.0,False,0.0,0.0
28/07/2025 09:12,28/07/2025 10:59,Cortos,False,400.0,-400.0,119.0,519.0,False,0.0,0.0
28/07/2025 11:24,28/07/2025 11:54,Largos,False,0.0,0.0,58.0,58.0,False,0.0,0.0
28/07/2025 14:05,29/07/2025 12:16,Largos,False,0.0,0.0,52.0,52.0,False,0.0,0.0
29/07/2025 12:20,29/07/2025 13:02,Largos,False,0.0,0.0,4.0,4.0,False,0.0,0.0
29/07/2025 16:40,29/07/2025 17:29,Largos,False,0.0,0.0,-53.0,-53.0,False,0.0,0.0
30/07/2025 12:06,30/07/2025 15:43,Largos,False,0.0,0.0,-13.0,-13.0,False,0.0,0.0
31/07/2025 12:20,31/07/2025 14:02,Cortos,False,379.0,-379.0,93.0,472.0,False,0.0,0.0
31/07/2025 14:02,31/07/2025 15:20,Largos,False,0.0,0.0,-25.0,-25.0,False,0.0,0.0
31/07/2025 15:25,31/07/2025 17:33,Cortos,False,418.0,-418.0,87.0,505.0,False,0.0,0.0
01/08/2025 09:07,01/08/2025 12:59,Largos,False,0.0,0.0,-191.0,-191.0,False,0.0,0.0
01/08/2025 14:45,01/08/2025 15:51,Cortos,False,360.0,-360.0,194.0,554.0,False,0.0,0.0
04/08/2025 09:14,04/08/2025 16:42,Largos,False,0.0,0.0,197.0,197.0,False,0.0,0.0
05/08/2025 10:02,05/08/2025 10:02,Largos,False,0.0,0.0,14.0,14.0,False,0.0,0.0
05/08/2025 13:44,05/08/2025 16:44,Cortos,False,390.0,-390.0,132.0,522.0,False,0.0,0.0
05/08/2025 16:48,05/08/2025 17:14,Largos,False,0.0,0.0,70.0,70.0,False,0.0,0.0
06/08/2025 13:41,06/08/2025 17:05,Largos,False,0.0,0.0,27.0,27.0,False,0.0,0.0
07/08/2025 09:04,07/08/2025 09:41,Largos,False,0.0,0.0,44.0,44.0,False,0.0,0.0
07/08/2025 10:02,07/08/2025 11:23,Cortos,True,592.0,-592.0,-214.0,378.0,False,0.0,0.0
07/08/2025 11:36,07/08/2025 12:25,Cortos,False,373.0,-373.0,84.0,457.0,False,0.0,0.0
07/08/2025 12:31,07/08/2025 13:04,Cortos,False,417.0,-417.0,-53.0,364.0,False,0.0,0.0
07/08/2025 14:07,07/08/2025 16:02,Largos,False,0.0,0.0,-35.0,-35.0,False,0.0,0.0
08/08/2025 10:12,11/08/2025 10:01,Largos,False,0.0,0.0,-73.0,-73.0,False,0.0,0.0
11/08/2025 10:01,12/08/2025 09:33,Cortos,False,465.0,-465.0,32.0,497.0,False,0.0,0.0
12/08/2025 11:57,12/08/2025 14:45,Largos,False,0.0,0.0,71.0,71.0,False,0.0,0.0
12/08/2025 17:26,13/08/2025 09:03,Largos,False,0.0,0.0,106.0,106.0,False,0.0,0.0
14/08/2025 09:20,14/08/2025 09:26,Cortos,False,376.0,-376.0,-13.0,363.0,False,0.0,0.0
14/08/2025 09:26,14/08/2025 13:32,Largos,False,0.0,0.0,79.0,79.0,False,0.0,0.0
14/08/2025 13:32,14/08/2025 15:04,Cortos,False,379.0,-379.0,80.0,459.0,False,0.0,0.0
14/08/2025 15:36,14/08/2025 16:07,Cortos,False,391.0,-391.0,-27.0,364.0,False,0.0,0.0
14/08/2025 16:18,14/08/2025 16:31,Cortos,False,383.0,-383.0,-16.0,367.0,False,0.0,0.0
14/08/2025 16:31,15/08/2025 09:01,Largos,False,0.0,0.0,158.0,158.0,False,0.0,0.0
15/08/2025 09:01,15/08/2025 09:32,Cortos,False,371.0,-371.0,96.0,467.0,False,0.0,0.0
15/08/2025 09:56,15/08/2025 10:07,Cortos,False,377.0,-377.0,-6.0,371.0,False,0.0,0.0
18/08/2025 09:02,18/08/2025 09:22,Cortos,False,362.0,-362.0,35.0,397.0,False,0.0,0.0
18/08/2025 09:24,18/08/2025 09:36,Largos,False,0.0,0.0,-15.0,-15.0,False,0.0,0.0
18/08/2025 10:05,19/08/2025 15:12,Cortos,True,516.0,-516.0,-150.0,366.0,False,0.0,0.0
19/08/2025 15:12,19/08/2025 17:29,Largos,False,0.0,0.0,15.0,15.0,False,0.0,0.0
20/06/2025 13:17,23/06/2025 09:03,Cortos,True,580.0,-580.0,105.0,685.0,False,0.0,0.0
23/06/2025 09:24,24/06/2025 10:08,Largos,False,0.0,0.0,332.0,332.0,False,0.0,0.0
24/06/2025 10:49,27/06/2025 09:06,Largos,False,0.0,0.0,77.0,77.0,False,0.0,0.0
27/06/2025 12:02,27/06/2025 15:53,Cortos,False,471.0,-471.0,-56.0,415.0,False,0.0,0.0
27/06/2025 15:53,30/06/2025 14:34,Largos,False,0.0,0.0,94.0,94.0,False,0.0,0.0
30/06/2025 15:42,30/06/2025 16:47,Largos,False,0.0,0.0,33.0,33.0,False,0.0,0.0
01/07/2025 11:51,01/07/2025 12:07,Largos,False,0.0,0.0,50.0,50.0,False,0.0,0.0
01/07/2025 12:14,02/07/2025 10:17,Cortos,False,440.0,-440.0,49.0,489.0,False,0.0,0.0
02/07/2025 14:16,03/07/2025 11:12,Cortos,True,584.0,-584.0,-104.0,480.0,False,0.0,0.0
03/07/2025 12:10,03/07/2025 14:48,Largos,False,0.0,0.0,52.0,52.0,False,0.0,0.0
03/07/2025 15:38,04/07/2025 12:42,Largos,False,0.0,0.0,-118.0,-118.0,False,0.0,0.0
04/07/2025 15:37,04/07/2025 15:41,Cortos,False,433.0,-433.0,-29.0,404.0,False,0.0,0.0
04/07/2025 15:50,09/07/2025 16:01,Largos,False,0.0,0.0,740.0,740.0,False,0.0,0.0
10/07/2025 09:28,10/07/2025 14:13,Largos,False,0.0,0.0,-80.0,-80.0,False,0.0,0.0
10/07/2025 17:26,11/07/2025 15:52,Largos,False,0.0,0.0,-226.0,-226.0,False,0.0,0.0
11/07/2025 17:24,14/07/2025 09:03,Cortos,False,419.0,-419.0,212.0,631.0,False,0.0,0.0
14/07/2025 13:57,15/07/2025 17:15,Largos,False,0.0,0.0,60.0,60.0,False,0.0,0.0
15/07/2025 17:15,16/07/2025 13:47,Cortos,False,472.0,-472.0,-68.0,404.0,False,0.0,0.0
16/07/2025 13:47,16/07/2025 16:49,Largos,False,0.0,0.0,-17.0,-17.0,False,0.0,0.0
17/07/2025 09:36,17/07/2025 13:32,Largos,False,0.0,0.0,-83.0,-83.0,False,0.0,0.0
17/07/2025 13:32,17/07/2025 15:05,Cortos,False,450.0,-450.0,-50.0,400.0,False,0.0,0.0
19/05/2025 16:32,21/05/2025 14:02,Largos,False,0.0,0.0,171.0,171.0,False,0.0,0.0
22/05/2025 10:12,22/05/2025 10:34,Cortos,True,539.0,-539.0,-64.0,475.0,False,0.0,0.0
22/05/2025 11:47,22/05/2025 17:20,Cortos,True,555.0,-555.0,-79.0,476.0,False,0.0,0.0
23/05/2025 09:18,23/05/2025 12:05,Largos,False,0.0,0.0,-6.0,-6.0,False,0.0,0.0
23/05/2025 14:20,23/05/2025 15:44,Cortos,True,694.0,-694.0,-215.0,479.0,False,0.0,0.0
26/05/2025 12:08,28/05/2025 14:55,Largos,False,0.0,0.0,53.0,53.0,False,0.0,0.0
28/05/2025 17:07,29/05/2025 10:29,Largos,False,0.0,0.0,-86.0,-86.0,False,0.0,0.0
30/05/2025 11:18,30/05/2025 17:02,Largos,False,0.0,0.0,-124.0,-124.0,False,0.0,0.0
02/06/2025 09:09,02/06/2025 13:22,Cortos,False,478.0,-478.0,14.0,492.0,False,0.0,0.0
02/06/2025 16:24,02/06/2025 16:48,Cortos,True,529.0,-529.0,-54.0,475.0,False,0.0,0.0
02/06/2025 17:30,03/06/2025 09:02,Largos,False,0.0,0.0,82.0,82.0,False,0.0,0.0
03/06/2025 16:17,04/06/2025 13:20,Largos,False,0.0,0.0,212.0,212.0,False,0.0,0.0
04/06/2025 14:46,04/06/2025 15:09,Largos,False,0.0,0.0,-8.0,-8.0,False,0.0,0.0
04/06/2025 16:00,05/06/2025 10:55,Largos,False,0.0,0.0,193.0,193.0,False,0.0,0.0
05/06/2025 14:21,05/06/2025 16:07,Largos,False,0.0,0.0,-132.0,-132.0,False,0.0,0.0
06/06/2025 11:55,12/06/2025 10:00,Largos,False,254.0,-254.0,-650.0,-396.0,False,0.0,0.0
13/06/2025 09:57,17/06/2025 11:12,Largos,False,0.0,0.0,-98.0,-98.0,False,0.0,0.0
18/06/2025 10:06,18/06/2025 11:40,Largos,False,0.0,0.0,-64.0,-64.0,False,0.0,0.0
18/06/2025 14:28,18/06/2025 16:06,Cortos,False,445.0,-445.0,29.0,474.0,False,0.0,0.0
18/06/2025 16:41,18/06/2025 16:59,Cortos,False,432.0,-432.0,30.0,462.0,False,0.0,0.0
19/06/2025 09:11,19/06/2025 09:39,Largos,False,0.0,0.0,-51.0,-51.0,False,0.0,0.0
19/06/2025 09:46,19/06/2025 17:30,Cortos,True,530.0,-530.0,81.0,611.0,False,0.0,0.0
22/04/2025 11:55,22/04/2025 13:10,Largos,False,0.0,0.0,-96.0,-96.0,False,0.0,0.0
22/04/2025 15:29,24/04/2025 09:30,Largos,False,0.0,0.0,689.0,689.0,False,0.0,0.0
24/04/2025 10:31,24/04/2025 12:02,Cortos,True,686.0,-686.0,-127.0,559.0,False,0.0,0.0
24/04/2025 12:02,28/04/2025 12:18,Largos,False,0.0,0.0,548.0,548.0,False,0.0,0.0
28/04/2025 14:16,28/04/2025 17:30,Largos,False,0.0,0.0,-110.0,-110.0,False,0.0,0.0
29/04/2025 15:18,30/04/2025 09:48,Cortos,True,805.0,-805.0,-213.0,592.0,False,0.0,0.0
30/04/2025 09:49,30/04/2025 15:15,Largos,False,0.0,0.0,-240.0,-240.0,False,0.0,0.0
30/04/2025 15:23,30/04/2025 16:44,Cortos,True,584.0,-584.0,-45.0,539.0,False,0.0,0.0
02/05/2025 09:06,02/05/2025 09:59,Largos,False,0.0,0.0,56.0,56.0,False,0.0,0.0
02/05/2025 14:01,02/05/2025 14:48,Cortos,True,666.0,-666.0,-119.0,547.0,False,0.0,0.0
02/05/2025 15:29,06/05/2025 09:55,Largos,False,0.0,0.0,230.0,230.0,False,0.0,0.0
06/05/2025 10:54,06/05/2025 11:06,Cortos,True,532.0,-532.0,59.0,591.0,False,0.0,0.0
06/05/2025 11:17,06/05/2025 12:00,Cortos,True,647.0,-647.0,-101.0,546.0,False,0.0,0.0
06/05/2025 13:23,07/05/2025 11:50,Largos,False,0.0,0.0,63.0,63.0,False,0.0,0.0
07/05/2025 13:21,07/05/2025 14:55,Largos,False,0.0,0.0,-69.0,-69.0,False,0.0,0.0
07/05/2025 15:27,08/05/2025 15:07,Largos,False,0.0,0.0,184.0,184.0,False,0.0,0.0
09/05/2025 09:12,12/05/2025 16:00,Largos,False,0.0,0.0,-44.0,-44.0,False,0.0,0.0
13/05/2025 10:07,14/05/2025 10:07,Largos,False,0.0,0.0,53.0,53.0,False,0.0,0.0
14/05/2025 13:33,14/05/2025 17:15,Largos,False,0.0,0.0,-63.0,-63.0,False,0.0,0.0
15/05/2025 12:06,16/05/2025 14:56,Largos,False,0.0,0.0,256.0,256.0,False,0.0,0.0
20/03/2025 10:17,20/03/2025 12:40,Cortos,True,643.0,-643.0,166.0,809.0,False,0.0,0.0
20/03/2025 12:43,21/03/2025 14:23,Largos,False,0.0,0.0,-226.0,-226.0,False,0.0,0.0
25/03/2025 09:54,25/03/2025 16:16,Largos,False,0.0,0.0,86.0,86.0,False,0.0,0.0
26/03/2025 10:46,26/03/2025 11:43,Cortos,True,707.0,-707.0,-63.0,644.0,False,0.0,0.0
27/03/2025 10:24,27/03/2025 13:00,Largos,False,0.0,0.0,12.0,12.0,False,0.0,0.0
27/03/2025 14:24,27/03/2025 15:28,Cortos,True,721.0,-721.0,-66.0,655.0,False,0.0,0.0
31/03/2025 10:40,31/03/2025 13:41,Cortos,True,647.0,-647.0,166.0,813.0,False,0.0,0.0
31/03/2025 15:04,31/03/2025 17:26,Largos,False,0.0,0.0,100.0,100.0,False,0.0,0.0
01/04/2025 11:24,01/04/2025 12:12,Largos,False,0.0,0.0,-92.0,-92.0,False,0.0,0.0
02/04/2025 09:03,02/04/2025 14:13,Largos,False,0.0,0.0,-286.0,-286.0,False,0.0,0.0
02/04/2025 14:14,02/04/2025 15:12,Cortos,True,652.0,-652.0,-33.0,619.0,False,0.0,0.0
02/04/2025 15:36,03/04/2025 12:48,Largos,False,0.0,0.0,-349.0,-349.0,True,313.0,0.0
03/04/2025 12:49,03/04/2025 17:30,Cortos,True,680.0,-680.0,190.0,870.0,False,0.0,0.0
04/04/2025 09:21,04/04/2025 11:53,Cortos,True,600.0,-600.0,404.0,1004.0,False,0.0,0.0
04/04/2025 12:09,04/04/2025 14:00,Cortos,True,620.0,-620.0,150.0,770.0,False,0.0,0.0
04/04/2025 14:01,04/04/2025 16:48,Largos,False,0.0,0.0,-330.0,-330.0,False,0.0,0.0
07/04/2025 09:12,07/04/2025 15:36,Largos,True,1169.0,-1169.0,-1127.0,42.0,False,0.0,0.0
07/04/2025 16:00,09/04/2025 09:06,Largos,False,142.0,-142.0,-109.0,33.0,False,0.0,0.0
09/04/2025 10:36,09/04/2025 15:24,Cortos,True,746.0,-746.0,5.0,751.0,False,0.0,0.0
09/04/2025 15:58,09/04/2025 17:33,Largos,False,0.0,0.0,-163.0,-163.0,False,0.0,0.0
10/04/2025 09:08,10/04/2025 09:57,Largos,False,0.0,0.0,-368.0,-368.0,False,0.0,0.0
10/04/2025 09:58,10/04/2025 12:48,Cortos,True,613.0,-613.0,41.0,654.0,False,0.0,0.0
10/04/2025 15:25,15/04/2025 14:34,Largos,False,113.0,-113.0,347.0,460.0,False,0.0,0.0
15/04/2025 17:18,16/04/2025 09:36,Largos,False,0.0,0.0,-219.0,-219.0,False,0.0,0.0
16/04/2025 14:21,17/04/2025 10:32,Largos,False,0.0,0.0,61.0,61.0,False,0.0,0.0
17/04/2025 16:38,17/04/2025 17:26,Cortos,True,602.0,-602.0,-30.0,572.0,False,0.0,0.0
19/02/2025 16:12,20/02/2025 14:53,Largos,False,0.0,0.0,-15.0,-15.0,False,0.0,0.0
20/02/2025 15:23,20/02/2025 16:04,Cortos,True,790.0,-790.0,86.0,876.0,False,0.0,0.0
21/02/2025 09:30,21/02/2025 16:00,Largos,False,0.0,0.0,-77.0,-77.0,False,0.0,0.0
21/02/2025 16:01,21/02/2025 17:30,Cortos,True,780.0,-780.0,-20.0,760.0,False,0.0,0.0
24/02/2025 09:22,24/02/2025 09:54,Cortos,True,787.0,-787.0,-43.0,744.0,False,0.0,0.0
24/02/2025 12:35,24/02/2025 15:35,Largos,False,0.0,0.0,-91.0,-91.0,False,0.0,0.0
24/02/2025 15:58,25/02/2025 10:17,Cortos,True,861.0,-861.0,-117.0,744.0,False,0.0,0.0
25/02/2025 10:18,25/02/2025 11:37,Largos,False,0.0,0.0,23.0,23.0,False,0.0,0.0
25/02/2025 12:32,25/02/2025 12:33,Largos,False,0.0,0.0,-36.0,-36.0,False,0.0,0.0
25/02/2025 16:37,26/02/2025 09:20,Cortos,True,971.0,-971.0,-196.0,775.0,False,0.0,0.0
26/02/2025 09:21,26/02/2025 15:08,Largos,False,0.0,0.0,160.0,160.0,False,0.0,0.0
26/02/2025 15:10,26/02/2025 16:00,Cortos,True,758.0,-758.0,-4.0,754.0,False,0.0,0.0
26/02/2025 16:06,27/02/2025 09:39,Largos,False,0.0,0.0,-237.0,-237.0,False,0.0,0.0
27/02/2025 09:40,27/02/2025 10:00,Cortos,True,709.0,-709.0,21.0,730.0,False,0.0,0.0
27/02/2025 10:03,27/02/2025 12:51,Largos,False,0.0,0.0,103.0,103.0,False,0.0,0.0
27/02/2025 13:02,27/02/2025 14:24,Largos,False,0.0,0.0,-32.0,-32.0,False,0.0,0.0
27/02/2025 14:31,27/02/2025 15:11,Cortos,True,727.0,-727.0,72.0,799.0,False,0.0,0.0
27/02/2025 15:55,27/02/2025 16:18,Cortos,True,753.0,-753.0,-7.0,746.0,False,0.0,0.0
27/02/2025 16:37,28/02/2025 09:09,Largos,False,0.0,0.0,-125.0,-125.0,False,0.0,0.0
28/02/2025 09:10,28/02/2025 10:16,Cortos,True,822.0,-822.0,-92.0,730.0,False,0.0,0.0
28/02/2025 10:17,28/02/2025 11:51,Largos,False,0.0,0.0,1.0,1.0,False,0.0,0.0
28/02/2025 12:26,28/02/2025 14:47,Cortos,True,721.0,-721.0,62.0,783.0,False,0.0,0.0
03/03/2025 09:06,04/03/2025 11:31,Largos,False,0.0,0.0,-77.0,-77.0,False,0.0,0.0
04/03/2025 14:03,05/03/2025 09:39,Cortos,True,1230.0,-1230.0,-486.0,744.0,False,0.0,0.0
05/03/2025 09:40,05/03/2025 13:11,Largos,False,0.0,0.0,74.0,74.0,False,0.0,0.0
05/03/2025 13:30,05/03/2025 14:49,Largos,False,0.0,0.0,44.0,44.0,False,0.0,0.0
06/03/2025 09:04,06/03/2025 11:00,Largos,False,0.0,0.0,-129.0,-129.0,False,0.0,0.0
06/03/2025 11:01,06/03/2025 12:48,Cortos,True,819.0,-819.0,-74.0,745.0,False,0.0,0.0
06/03/2025 12:49,06/03/2025 14:19,Largos,False,0.0,0.0,-129.0,-129.0,False,0.0,0.0
06/03/2025 14:20,06/03/2025 14:21,Cortos,True,724.0,-724.0,-88.0,636.0,False,0.0,0.0
06/03/2025 15:50,07/03/2025 11:44,Largos,False,0.0,0.0,-226.0,-226.0,False,0.0,0.0
07/03/2025 13:28,07/03/2025 15:50,Cortos,True,844.0,-844.0,-49.0,795.0,False,0.0,0.0
07/03/2025 15:51,10/03/2025 09:49,Largos,False,0.0,0.0,-129.0,-129.0,False,0.0,0.0
10/03/2025 09:50,10/03/2025 14:08,Cortos,True,738.0,-738.0,191.0,929.0,False,0.0,0.0
10/03/2025 17:24,11/03/2025 17:30,Cortos,True,960.0,-960.0,275.0,1235.0,False,0.0,0.0
12/03/2025 09:03,12/03/2025 09:38,Cortos,True,739.0,-739.0,-15.0,724.0,False,0.0,0.0
12/03/2025 16:07,13/03/2025 09:54,Cortos,True,894.0,-894.0,-6.0,888.0,False,0.0,0.0
13/03/2025 11:01,13/03/2025 12:00,Largos,False,0.0,0.0,-110.0,-110.0,False,0.0,0.0
13/03/2025 13:09,13/03/2025 14:24,Cortos,True,811.0,-811.0,-109.0,702.0,False,0.0,0.0
14/03/2025 09:00,14/03/2025 09:22,Cortos,True,787.0,-787.0,-76.0,711.0,False,0.0,0.0
14/03/2025 09:23,14/03/2025 10:24,Largos,False,0.0,0.0,81.0,81.0,False,0.0,0.0
14/03/2025 11:59,14/03/2025 15:07,Largos,False,0.0,0.0,28.0,28.0,False,0.0,0.0
14/03/2025 15:36,14/03/2025 16:32,Largos,False,0.0,0.0,114.0,114.0,False,0.0,0.0
17/03/2025 10:24,17/03/2025 14:18,Cortos,True,841.0,-841.0,-84.0,757.0,False,0.0,0.0
17/03/2025 14:19,18/03/2025 12:50,Largos,False,0.0,0.0,387.0,387.0,False,0.0,0.0
18/03/2025 15:14,18/03/2025 15:36,Cortos,True,795.0,-795.0,-73.0,722.0,False,0.0,0.0
18/03/2025 15:37,19/03/2025 13:32,Largos,False,0.0,0.0,-147.0,-147.0,False,0.0,0.0
17/01/2025 10:00,21/01/2025 12:52,Largos,False,0.0,0.0,175.0,175.0,False,0.0,0.0
21/01/2025 17:00,22/01/2025 11:40,Largos,False,0.0,0.0,274.0,274.0,False,0.0,0.0
22/01/2025 12:01,23/01/2025 09:57,Largos,False,0.0,0.0,-27.0,-27.0,False,0.0,0.0
23/01/2025 11:24,24/01/2025 15:17,Largos,False,0.0,0.0,96.0,96.0,False,0.0,0.0
24/01/2025 17:05,27/01/2025 09:40,Largos,False,0.0,0.0,-248.0,-248.0,False,0.0,0.0
27/01/2025 13:31,29/01/2025 14:00,Largos,False,0.0,0.0,402.0,402.0,False,0.0,0.0
29/01/2025 15:55,03/02/2025 10:04,Largos,False,0.0,0.0,-233.0,-233.0,False,0.0,0.0
03/02/2025 13:26,03/02/2025 15:53,Largos,False,0.0,0.0,-41.0,-41.0,False,0.0,0.0
03/02/2025 16:55,07/02/2025 13:34,Largos,False,0.0,0.0,494.0,494.0,False,0.0,0.0
10/02/2025 09:05,11/02/2025 14:28,Largos,False,0.0,0.0,129.0,129.0,False,0.0,0.0
11/02/2025 15:48,11/02/2025 17:34,Largos,False,0.0,0.0,55.0,55.0,False,0.0,0.0
12/02/2025 09:13,13/02/2025 13:10,Largos,False,0.0,0.0,416.0,416.0,False,0.0,0.0
13/02/2025 16:43,14/02/2025 17:24,Largos,False,0.0,0.0,-70.0,-70.0,False,0.0,0.0
17/02/2025 10:47,18/02/2025 10:15,Largos,False,0.0,0.0,72.0,72.0,False,0.0,0.0
18/02/2025 10:48,18/02/2025 11:16,Cortos,True,789.0,-789.0,-26.0,763.0,False,0.0,0.0
18/02/2025 11:17,19/02/2025 11:25,Largos,False,0.0,0.0,85.0,85.0,False,0.0,0.0
19/02/2025 11:26,19/02/2025 15:41,Cortos,True,733.0,-733.0,387.0,1120.0,False,0.0,0.0
23/12/2024 13:00,23/12/2024 14:11,Cortos,True,830.0,-830.0,-31.0,799.0,False,0.0,0.0
02/01/2025 12:21,02/01/2025 13:04,Cortos,True,824.0,-824.0,-72.0,752.0,False,0.0,0.0
03/01/2025 12:43,06/01/2025 11:20,Largos,False,0.0,0.0,16.0,16.0,False,0.0,0.0
06/01/2025 12:21,10/01/2025 16:22,Largos,False,0.0,0.0,162.0,162.0,False,0.0,0.0
10/01/2025 17:30,13/01/2025 10:26,Largos,False,0.0,0.0,-162.0,-162.0,False,0.0,0.0
13/01/2025 13:35,16/01/2025 11:07,Largos,False,0.0,0.0,461.0,461.0,False,0.0,0.0
16/01/2025 12:54,16/01/2025 17:20,Largos,False,0.0,0.0,-14.0,-14.0,False,0.0,0.0
19/11/2024 16:55,20/11/2024 10:58,Largos,False,0.0,0.0,131.0,131.0,False,0.0,0.0
20/11/2024 10:59,20/11/2024 12:33,Cortos,True,860.0,-860.0,22.0,882.0,False,0.0,0.0
20/11/2024 14:22,20/11/2024 17:03,Cortos,True,824.0,-824.0,93.0,917.0,False,0.0,0.0
21/11/2024 09:46,21/11/2024 10:30,Largos,False,0.0,0.0,-78.0,-78.0,False,0.0,0.0
21/11/2024 11:42,21/11/2024 14:20,Largos,False,0.0,0.0,101.0,101.0,False,0.0,0.0
21/11/2024 15:55,22/11/2024 19:09,Largos,False,0.0,0.0,259.0,259.0,False,0.0,0.0
25/11/2024 11:57,25/11/2024 13:53,Cortos,True,827.0,-827.0,4.0,831.0,False,0.0,0.0
25/11/2024 14:27,26/11/2024 16:35,Largos,False,0.0,0.0,-124.0,-124.0,False,0.0,0.0
26/11/2024 16:36,26/11/2024 17:30,Cortos,True,855.0,-855.0,-24.0,831.0,False,0.0,0.0
26/11/2024 17:31,29/11/2024 14:49,Largos,False,0.0,0.0,156.0,156.0,False,0.0,0.0
29/11/2024 17:30,02/12/2024 14:54,Largos,False,0.0,0.0,264.0,264.0,False,0.0,0.0
02/12/2024 16:00,03/12/2024 09:22,Cortos,True,1016.0,-1016.0,-168.0,848.0,False,0.0,0.0
03/12/2024 10:10,03/12/2024 13:54,Largos,False,0.0,0.0,-24.0,-24.0,False,0.0,0.0
03/12/2024 16:51,04/12/2024 16:44,Largos,False,0.0,0.0,245.0,245.0,False,0.0,0.0
05/12/2024 12:53,13/12/2024 13:43,Largos,False,0.0,0.0,141.0,141.0,False,0.0,0.0
13/12/2024 13:50,13/12/2024 16:11,Cortos,True,861.0,-861.0,43.0,904.0,False,0.0,0.0
16/12/2024 10:35,16/12/2024 14:54,Cortos,True,840.0,-840.0,7.0,847.0,False,0.0,0.0
16/12/2024 14:55,19/12/2024 11:37,Largos,False,0.0,0.0,-318.0,-318.0,False,0.0,0.0
19/12/2024 11:46,19/12/2024 13:30,Cortos,True,890.0,-890.0,-51.0,839.0,False,0.0,0.0
19/12/2024 13:31,19/12/2024 14:08,Largos,False,0.0,0.0,6.0,6.0,False,0.0,0.0
18/10/2024 16:30,21/10/2024 11:59,Largos,False,0.0,0.0,-87.0,-87.0,False,0.0,0.0
22/10/2024 13:54,23/10/2024 10:29,Largos,False,0.0,0.0,-25.0,-25.0,False,0.0,0.0
23/10/2024 11:17,25/10/2024 09:19,Largos,False,0.0,0.0,-29.0,-29.0,False,0.0,0.0
25/10/2024 11:14,28/10/2024 12:26,Largos,False,0.0,0.0,-40.0,-40.0,False,0.0,0.0
28/10/2024 16:13,29/10/2024 11:18,Largos,False,0.0,0.0,76.0,76.0,False,0.0,0.0
30/10/2024 12:11,30/10/2024 12:36,Cortos,True,880.0,-880.0,30.0,910.0,False,0.0,0.0
30/10/2024 14:58,30/10/2024 15:57,Largos,False,0.0,0.0,13.0,13.0,False,0.0,0.0
30/10/2024 16:11,31/10/2024 09:14,Cortos,True,884.0,-884.0,170.0,1054.0,False,0.0,0.0
31/10/2024 12:33,31/10/2024 12:52,Largos,False,0.0,0.0,5.0,5.0,False,0.0,0.0
31/10/2024 13:15,31/10/2024 15:19,Largos,False,0.0,0.0,-69.0,-69.0,False,0.0,0.0
31/10/2024 17:29,01/11/2024 10:30,Largos,False,0.0,0.0,103.0,103.0,False,0.0,0.0
01/11/2024 11:00,05/11/2024 09:39,Largos,False,0.0,0.0,-27.0,-27.0,False,0.0,0.0
05/11/2024 13:58,05/11/2024 15:57,Largos,False,0.0,0.0,0.0,0.0,False,0.0,0.0
06/11/2024 09:06,06/11/2024 11:03,Largos,False,0.0,0.0,36.0,36.0,False,0.0,0.0
06/11/2024 11:47,06/11/2024 15:13,Largos,False,0.0,0.0,-293.0,-293.0,False,0.0,0.0
06/11/2024 16:51,06/11/2024 17:31,Cortos,True,891.0,-891.0,-13.0,878.0,False,0.0,0.0
07/11/2024 09:20,07/11/2024 15:30,Largos,False,0.0,0.0,146.0,146.0,False,0.0,0.0
07/11/2024 15:37,07/11/2024 17:21,Largos,False,0.0,0.0,6.0,6.0,False,0.0,0.0
11/11/2024 09:24,11/11/2024 16:00,Largos,False,0.0,0.0,51.0,51.0,False,0.0,0.0
13/11/2024 14:53,13/11/2024 15:47,Cortos,True,832.0,-832.0,60.0,892.0,False,0.0,0.0
13/11/2024 16:16,13/11/2024 16:50,Cortos,True,854.0,-854.0,-24.0,830.0,False,0.0,0.0
14/11/2024 11:38,18/11/2024 10:36,Largos,False,0.0,0.0,-71.0,-71.0,False,0.0,0.0
18/11/2024 15:15,19/11/2024 10:26,Largos,False,0.0,0.0,-123.0,-123.0,False,0.0,0.0
19/11/2024 10:54,19/11/2024 15:16,Largos,False,0.0,0.0,-86.0,-86.0,False,0.0,0.0
16/09/2024 16:29,20/09/2024 15:49,Largos,False,0.0,0.0,106.0,106.0,False,0.0,0.0
23/09/2024 14:08,23/09/2024 16:48,Largos,False,0.0,0.0,0.0,0.0,False,0.0,0.0
24/09/2024 12:55,30/09/2024 12:46,Largos,False,0.0,0.0,388.0,388.0,False,0.0,0.0
01/10/2024 15:53,02/10/2024 09:23,Largos,False,0.0,0.0,-79.0,-79.0,False,0.0,0.0
02/10/2024 15:11,03/10/2024 09:49,Largos,False,0.0,0.0,-118.0,-118.0,False,0.0,0.0
03/10/2024 10:36,03/10/2024 12:50,Cortos,True,1003.0,-1003.0,-82.0,921.0,False,0.0,0.0
04/10/2024 15:00,07/10/2024 17:33,Largos,False,0.0,0.0,-76.0,-76.0,False,0.0,0.0
09/10/2024 13:05,10/10/2024 09:24,Largos,False,0.0,0.0,88.0,88.0,False,0.0,0.0
10/10/2024 13:42,11/10/2024 11:26,Largos,False,0.0,0.0,-30.0,-30.0,False,0.0,0.0
11/10/2024 15:37,11/10/2024 17:29,Largos,False,0.0,0.0,81.0,81.0,False,0.0,0.0
14/10/2024 09:08,15/10/2024 11:03,Largos,False,0.0,0.0,121.0,121.0,False,0.0,0.0
15/10/2024 11:04,15/10/2024 13:33,Cortos,True,955.0,-955.0,-24.0,931.0,False,0.0,0.0
15/10/2024 13:34,18/10/2024 15:27,Largos,False,0.0,0.0,78.0,78.0,False,0.0,0.0
15/08/2024 14:57,20/08/2024 12:25,Largos,False,0.0,0.0,266.0,266.0,False,0.0,0.0
21/08/2024 10:21,21/08/2024 12:53,Largos,False,0.0,0.0,11.0,11.0,False,0.0,0.0
21/08/2024 13:19,27/08/2024 12:36,Largos,False,0.0,0.0,197.0,197.0,False,0.0,0.0
27/08/2024 13:40,27/08/2024 16:40,Largos,False,0.0,0.0,7.0,7.0,False,0.0,0.0
28/08/2024 15:37,29/08/2024 16:03,Largos,False,0.0,0.0,60.0,60.0,False,0.0,0.0
29/08/2024 17:00,30/08/2024 12:32,Largos,False,0.0,0.0,45.0,45.0,False,0.0,0.0
30/08/2024 13:09,02/09/2024 17:30,Largos,False,0.0,0.0,-28.0,-28.0,False,0.0,0.0
03/09/2024 10:10,03/09/2024 11:49,Largos,False,0.0,0.0,-112.0,-112.0,False,0.0,0.0
03/09/2024 15:41,03/09/2024 17:32,Cortos,True,969.0,-969.0,65.0,1034.0,False,0.0,0.0
04/09/2024 09:32,04/09/2024 11:46,Cortos,True,1011.0,-1011.0,-59.0,952.0,False,0.0,0.0
04/09/2024 15:45,05/09/2024 09:28,Largos,False,0.0,0.0,-173.0,-173.0,False,0.0,0.0
05/09/2024 09:29,06/09/2024 11:42,Cortos,True,1179.0,-1179.0,-28.0,1151.0,False,0.0,0.0
06/09/2024 11:43,06/09/2024 13:15,Largos,False,0.0,0.0,21.0,21.0,False,0.0,0.0
06/09/2024 14:50,06/09/2024 16:46,Largos,False,0.0,0.0,-177.0,-177.0,False,0.0,0.0
06/09/2024 16:47,09/09/2024 11:24,Cortos,True,1006.0,-1006.0,-73.0,933.0,False,0.0,0.0
09/09/2024 11:25,09/09/2024 14:27,Largos,False,0.0,0.0,-70.0,-70.0,False,0.0,0.0
09/09/2024 14:28,11/09/2024 09:31,Cortos,True,1056.0,-1056.0,13.0,1069.0,False,0.0,0.0
11/09/2024 09:32,11/09/2024 10:42,Largos,False,0.0,0.0,-62.0,-62.0,False,0.0,0.0
11/09/2024 16:17,12/09/2024 11:13,Cortos,True,1272.0,-1272.0,-331.0,941.0,False,0.0,0.0
12/09/2024 11:14,16/09/2024 15:44,Largos,False,0.0,0.0,40.0,40.0,False,0.0,0.0
19/07/2024 16:30,22/07/2024 09:23,Cortos,True,1096.0,-1096.0,-42.0,1054.0,False,0.0,0.0
22/07/2024 09:35,23/07/2024 15:07,Largos,False,0.0,0.0,330.0,330.0,False,0.0,0.0
25/07/2024 09:14,25/07/2024 14:01,Cortos,True,1059.0,-1059.0,0.0,1059.0,False,0.0,0.0
25/07/2024 14:16,25/07/2024 15:15,Cortos,True,1045.0,-1045.0,-14.0,1031.0,False,0.0,0.0
25/07/2024 15:21,29/07/2024 15:40,Largos,False,0.0,0.0,189.0,189.0,False,0.0,0.0
29/07/2024 15:41,29/07/2024 15:51,Cortos,True,1027.0,-1027.0,17.0,1044.0,False,0.0,0.0
29/07/2024 15:52,29/07/2024 17:02,Largos,False,0.0,0.0,-57.0,-57.0,False,0.0,0.0
30/07/2024 10:01,01/08/2024 10:12,Largos,False,0.0,0.0,-89.0,-89.0,False,0.0,0.0
01/08/2024 10:13,01/08/2024 11:03,Cortos,True,1015.0,-1015.0,-4.0,1011.0,False,0.0,0.0
01/08/2024 11:32,01/08/2024 15:39,Largos,False,0.0,0.0,9.0,9.0,False,0.0,0.0
01/08/2024 16:54,02/08/2024 14:05,Cortos,True,986.0,-986.0,288.0,1274.0,False,0.0,0.0
02/08/2024 14:06,02/08/2024 15:05,Largos,False,0.0,0.0,-75.0,-75.0,False,0.0,0.0
02/08/2024 16:53,05/08/2024 16:24,Cortos,True,1014.0,-1014.0,431.0,1445.0,False,0.0,0.0
05/08/2024 16:25,06/08/2024 11:49,Largos,False,0.0,0.0,32.0,32.0,False,0.0,0.0
06/08/2024 11:53,06/08/2024 14:20,Largos,False,0.0,0.0,14.0,14.0,False,0.0,0.0
06/08/2024 14:33,06/08/2024 16:55,Cortos,True,1103.0,-1103.0,-139.0,964.0,False,0.0,0.0
06/08/2024 16:59,09/08/2024 17:20,Largos,False,0.0,0.0,319.0,319.0,False,0.0,0.0
12/08/2024 09:04,12/08/2024 11:09,Largos,False,0.0,0.0,-60.0,-60.0,False,0.0,0.0
12/08/2024 11:16,12/08/2024 13:22,Cortos,True,993.0,-993.0,-50.0,943.0,False,0.0,0.0
12/08/2024 13:44,12/08/2024 16:11,Largos,False,0.0,0.0,-47.0,-47.0,False,0.0,0.0
13/08/2024 09:36,13/08/2024 15:21,Largos,False,0.0,0.0,-31.0,-31.0,False,0.0,0.0
14/08/2024 09:21,14/08/2024 16:37,Largos,False,0.0,0.0,-47.0,-47.0,False,0.0,0.0
14/08/2024 17:22,15/08/2024 11:09,Largos,False,0.0,0.0,82.0,82.0,False,0.0,0.0
19/06/2024 09:25,21/06/2024 11:14,Largos,False,0.0,0.0,70.0,70.0,False,0.0,0.0
21/06/2024 12:14,21/06/2024 13:26,Cortos,True,1115.0,-1115.0,-20.0,1095.0,False,0.0,0.0
21/06/2024 14:02,21/06/2024 15:42,Cortos,True,1081.0,-1081.0,66.0,1147.0,False,0.0,0.0
21/06/2024 16:37,26/06/2024 12:13,Largos,False,0.0,0.0,74.0,74.0,False,0.0,0.0
26/06/2024 13:35,26/06/2024 16:20,Cortos,True,1073.0,-1073.0,13.0,1086.0,False,0.0,0.0
27/06/2024 10:50,27/06/2024 11:23,Cortos,True,1081.0,-1081.0,6.0,1087.0,False,0.0,0.0
27/06/2024 16:27,28/06/2024 13:31,Largos,False,0.0,0.0,48.0,48.0,False,0.0,0.0
28/06/2024 15:50,28/06/2024 17:03,Largos,False,0.0,0.0,3.0,3.0,False,0.0,0.0
01/07/2024 15:35,04/07/2024 09:40,Largos,False,0.0,0.0,47.0,47.0,False,0.0,0.0
04/07/2024 17:18,05/07/2024 13:01,Largos,False,0.0,0.0,137.0,137.0,False,0.0,0.0
08/07/2024 15:02,09/07/2024 14:48,Largos,False,0.0,0.0,-277.0,-277.0,False,0.0,0.0
10/07/2024 09:06,10/07/2024 10:24,Cortos,True,1053.0,-1053.0,13.0,1066.0,False,0.0,0.0
11/07/2024 10:53,11/07/2024 11:03,Largos,False,0.0,0.0,-13.0,-13.0,False,0.0,0.0
12/07/2024 10:29,15/07/2024 09:19,Largos,False,0.0,0.0,125.0,125.0,False,0.0,0.0
15/07/2024 10:16,15/07/2024 15:15,Largos,False,0.0,0.0,-101.0,-101.0,False,0.0,0.0
15/07/2024 17:04,19/07/2024 09:40,Largos,False,0.0,0.0,-396.0,-396.0,False,0.0,0.0
15/05/2024 17:30,20/05/2024 16:27,Largos,False,0.0,0.0,-114.0,-114.0,False,0.0,0.0
20/05/2024 17:30,21/05/2024 13:28,Largos,False,0.0,0.0,-86.0,-86.0,False,0.0,0.0
21/05/2024 14:14,22/05/2024 09:24,Largos,False,0.0,0.0,13.0,13.0,False,0.0,0.0
22/05/2024 11:17,22/05/2024 12:54,Largos,False,0.0,0.0,1.0,1.0,False,0.0,0.0
22/05/2024 16:06,23/05/2024 15:15,Largos,False,0.0,0.0,30.0,30.0,False,0.0,0.0
23/05/2024 16:00,24/05/2024 09:16,Largos,False,0.0,0.0,-144.0,-144.0,False,0.0,0.0
24/05/2024 09:52,28/05/2024 15:44,Largos,False,0.0,0.0,118.0,118.0,False,0.0,0.0
28/05/2024 16:10,29/05/2024 13:05,Cortos,True,1225.0,-1225.0,103.0,1328.0,False,0.0,0.0
29/05/2024 14:22,29/05/2024 16:00,Cortos,True,1177.0,-1177.0,9.0,1186.0,False,0.0,0.0
30/05/2024 10:20,04/06/2024 10:34,Largos,False,0.0,0.0,10.0,10.0,False,0.0,0.0
04/06/2024 10:58,04/06/2024 13:09,Cortos,True,1162.0,-1162.0,32.0,1194.0,False,0.0,0.0
04/06/2024 13:43,04/06/2024 17:00,Largos,False,0.0,0.0,-23.0,-23.0,False,0.0,0.0
05/06/2024 09:07,05/06/2024 09:15,Cortos,True,1157.0,-1157.0,1.0,1158.0,False,0.0,0.0
05/06/2024 09:16,05/06/2024 16:18,Largos,False,0.0,0.0,43.0,43.0,False,0.0,0.0
05/06/2024 16:45,06/06/2024 09:46,Largos,False,0.0,0.0,168.0,168.0,False,0.0,0.0
06/06/2024 09:57,06/06/2024 11:21,Largos,False,0.0,0.0,-23.0,-23.0,False,0.0,0.0
06/06/2024 12:10,07/06/2024 11:20,Largos,False,0.0,0.0,-206.0,-206.0,False,0.0,0.0
07/06/2024 15:52,07/06/2024 17:00,Largos,False,0.0,0.0,11.0,11.0,False,0.0,0.0
10/06/2024 11:53,10/06/2024 12:16,Cortos,True,1151.0,-1151.0,-17.0,1134.0,False,0.0,0.0
10/06/2024 12:17,11/06/2024 12:24,Largos,False,0.0,0.0,-28.0,-28.0,False,0.0,0.0
11/06/2024 12:24,12/06/2024 14:01,Cortos,True,1267.0,-1267.0,-120.0,1147.0,False,0.0,0.0
12/06/2024 14:44,13/06/2024 12:16,Largos,False,0.0,0.0,-148.0,-148.0,False,0.0,0.0
13/06/2024 13:15,14/06/2024 09:02,Largos,False,0.0,0.0,-162.0,-162.0,False,0.0,0.0
14/06/2024 09:03,14/06/2024 09:38,Cortos,True,1107.0,-1107.0,32.0,1139.0,False,0.0,0.0
14/06/2024 10:14,14/06/2024 11:16,Cortos,True,1139.0,-1139.0,23.0,1162.0,False,0.0,0.0
14/06/2024 13:36,14/06/2024 14:10,Largos,False,0.0,0.0,-77.0,-77.0,False,0.0,0.0
14/06/2024 14:23,14/06/2024 16:13,Largos,False,0.0,0.0,-58.0,-58.0,False,0.0,0.0
17/06/2024 09:48,17/06/2024 11:17,Cortos,True,1122.0,-1122.0,56.0,1178.0,False,0.0,0.0
17/06/2024 11:35,17/06/2024 14:15,Cortos,True,1113.0,-1113.0,-2.0,1111.0,False,0.0,0.0
18/06/2024 16:55,18/06/2024 17:35,Largos,False,0.0,0.0,2.0,2.0,False,0.0,0.0
17/04/2024 11:50,24/04/2024 14:20,Largos,False,0.0,0.0,308.0,308.0,False,0.0,0.0
24/04/2024 14:58,25/04/2024 10:01,Cortos,True,1307.0,-1307.0,139.0,1446.0,False,0.0,0.0
25/04/2024 10:14,25/04/2024 15:35,Largos,False,0.0,0.0,-182.0,-182.0,False,0.0,0.0
26/04/2024 12:10,26/04/2024 14:38,Cortos,True,1334.0,-1334.0,-37.0,1297.0,False,0.0,0.0
26/04/2024 14:39,29/04/2024 12:22,Largos,False,0.0,0.0,65.0,65.0,False,0.0,0.0
02/05/2024 09:15,02/05/2024 10:55,Largos,False,0.0,0.0,-15.0,-15.0,False,0.0,0.0
02/05/2024 17:25,03/05/2024 11:38,Cortos,True,1341.0,-1341.0,-48.0,1293.0,False,0.0,0.0
06/05/2024 09:03,06/05/2024 12:53,Cortos,True,1368.0,-1368.0,-112.0,1256.0,False,0.0,0.0
06/05/2024 13:00,14/05/2024 16:00,Largos,False,0.0,0.0,551.0,551.0,False,0.0,0.0
15/05/2024 10:14,15/05/2024 16:22,Largos,False,0.0,0.0,49.0,49.0,False,0.0,0.0
19/03/2024 13:48,20/03/2024 09:09,Largos,False,0.0,0.0,14.0,14.0,False,0.0,0.0
20/03/2024 09:59,21/03/2024 12:24,Largos,False,0.0,0.0,95.0,95.0,False,0.0,0.0
21/03/2024 14:50,02/04/2024 13:22,Largos,False,0.0,0.0,385.0,385.0,False,0.0,0.0
02/04/2024 15:16,03/04/2024 12:07,Cortos,True,1382.0,-1382.0,24.0,1406.0,False,0.0,0.0
03/04/2024 16:20,04/04/2024 17:30,Largos,False,0.0,0.0,42.0,42.0,False,0.0,0.0
05/04/2024 10:09,05/04/2024 13:55,Cortos,True,1355.0,-1355.0,41.0,1396.0,False,0.0,0.0
08/04/2024 09:09,08/04/2024 11:36,Cortos,True,1441.0,-1441.0,-78.0,1363.0,False,0.0,0.0
08/04/2024 13:31,09/04/2024 12:31,Largos,False,0.0,0.0,-111.0,-111.0,False,0.0,0.0
09/04/2024 12:32,10/04/2024 09:30,Cortos,True,1419.0,-1419.0,-35.0,1384.0,False,0.0,0.0
10/04/2024 10:22,10/04/2024 11:53,Largos,False,0.0,0.0,-30.0,-30.0,False,0.0,0.0
10/04/2024 11:54,10/04/2024 14:58,Cortos,True,1403.0,-1403.0,164.0,1567.0,False,0.0,0.0
10/04/2024 15:51,11/04/2024 16:15,Largos,False,0.0,0.0,-124.0,-124.0,False,0.0,0.0
12/04/2024 09:24,12/04/2024 11:46,Cortos,True,1361.0,-1361.0,44.0,1405.0,False,0.0,0.0
15/04/2024 09:47,15/04/2024 17:28,Largos,False,0.0,0.0,-27.0,-27.0,False,0.0,0.0
15/04/2024 17:29,16/04/2024 10:54,Cortos,True,1371.0,-1371.0,234.0,1605.0,False,0.0,0.0
20/02/2024 16:58,21/02/2024 15:03,Largos,False,0.0,0.0,18.0,18.0,False,0.0,0.0
21/02/2024 17:30,28/02/2024 12:42,Largos,False,0.0,0.0,487.0,487.0,False,0.0,0.0
28/02/2024 17:30,01/03/2024 09:30,Largos,False,0.0,0.0,178.0,178.0,False,0.0,0.0
01/03/2024 10:05,04/03/2024 11:16,Largos,False,0.0,0.0,-5.0,-5.0,False,0.0,0.0
04/03/2024 13:26,05/03/2024 09:36,Largos,False,0.0,0.0,-72.0,-72.0,False,0.0,0.0
05/03/2024 11:04,14/03/2024 15:46,Largos,False,0.0,0.0,267.0,267.0,False,0.0,0.0
14/03/2024 17:33,15/03/2024 09:04,Cortos,True,1413.0,-1413.0,-5.0,1408.0,False,0.0,0.0
15/03/2024 10:06,15/03/2024 14:18,Largos,False,0.0,0.0,56.0,56.0,False,0.0,0.0
15/03/2024 15:15,15/03/2024 17:15,Largos,False,0.0,0.0,-18.0,-18.0,False,0.0,0.0
18/03/2024 09:23,18/03/2024 11:10,Largos,False,0.0,0.0,21.0,21.0,False,0.0,0.0
18/03/2024 16:01,19/03/2024 09:00,Cortos,True,1396.0,-1396.0,-6.0,1390.0,False,0.0,0.0
19/03/2024 10:35,19/03/2024 11:15,Cortos,True,1397.0,-1397.0,-15.0,1382.0,False,0.0,0.0
22/01/2024 09:03,23/01/2024 15:19,Cortos,True,1505.0,-1505.0,48.0,1553.0,False,0.0,0.0
23/01/2024 16:14,24/01/2024 12:10,Cortos,True,1590.0,-1590.0,-150.0,1440.0,False,0.0,0.0
24/01/2024 12:11,05/02/2024 09:03,Largos,False,0.0,0.0,100.0,100.0,False,0.0,0.0
05/02/2024 14:03,06/02/2024 10:13,Cortos,True,1464.0,-1464.0,35.0,1499.0,False,0.0,0.0
06/02/2024 15:42,08/02/2024 09:11,Largos,False,0.0,0.0,-57.0,-57.0,False,0.0,0.0
08/02/2024 09:55,08/02/2024 13:32,Largos,False,0.0,0.0,71.0,71.0,False,0.0,0.0
08/02/2024 14:35,13/02/2024 15:31,Largos,False,0.0,0.0,-143.0,-143.0,False,0.0,0.0
14/02/2024 09:08,15/02/2024 12:26,Largos,False,0.0,0.0,167.0,167.0,False,0.0,0.0
15/02/2024 13:47,19/02/2024 17:16,Largos,False,0.0,0.0,31.0,31.0,False,0.0,0.0
02/01/2024 13:46,02/01/2024 16:13,Cortos,True,1578.0,-1578.0,-99.0,1479.0,False,0.0,0.0
02/01/2024 17:11,03/01/2024 10:15,Largos,False,0.0,0.0,-77.0,-77.0,False,0.0,0.0
03/01/2024 14:36,03/01/2024 15:09,Largos,False,0.0,0.0,-64.0,-64.0,False,0.0,0.0
03/01/2024 15:10,04/01/2024 10:10,Cortos,True,1504.0,-1504.0,-14.0,1490.0,False,0.0,0.0
04/01/2024 10:11,05/01/2024 12:50,Largos,False,0.0,0.0,-104.0,-104.0,False,0.0,0.0
05/01/2024 13:25,11/01/2024 09:18,Largos,False,0.0,0.0,318.0,318.0,False,0.0,0.0
11/01/2024 09:45,11/01/2024 09:55,Cortos,True,1469.0,-1469.0,5.0,1474.0,False,0.0,0.0
11/01/2024 09:56,12/01/2024 09:18,Largos,False,0.0,0.0,-126.0,-126.0,False,0.0,0.0
12/01/2024 12:43,15/01/2024 13:25,Largos,False,0.0,0.0,16.0,16.0,False,0.0,0.0
15/01/2024 17:05,16/01/2024 12:40,Largos,False,0.0,0.0,-112.0,-112.0,False,0.0,0.0
16/01/2024 13:45,17/01/2024 12:37,Largos,False,0.0,0.0,-164.0,-164.0,False,0.0,0.0
17/01/2024 16:46,18/01/2024 13:55,Largos,False,0.0,0.0,161.0,161.0,False,0.0,0.0
19/01/2024 09:10,19/01/2024 15:58,Cortos,True,1441.0,-1441.0,78.0,1519.0,False,0.0,0.0
