Entrada,Salida,Direccion,Precio_Entrada,PnL_Experto,MAE_Absoluto,Hora_MAE,KO_en_IG,Resultado_Tu_Cuenta,Puntos_Recuperados
2025-12-22 17:35,2026-01-05 11:30,Largos,24453.0,388.0,45.0,2025-12-29 10:48,NO,388.0,433.0
2026-01-05 11:31,2026-01-05 15:36,Cortos,24841.0,-70.0,75.0,2026-01-05 15:36,NO,-70.0,5.0
2026-01-05 15:37,2026-01-13 10:49,Largos,24909.0,587.0,17.0,2026-01-05 15:51,NO,587.0,604.0
2026-01-13 11:26,2026-01-13 15:14,Cortos,25475.0,-158.0,161.0,2026-01-13 15:14,NO,-158.0,3.0
2026-01-14 13:57,2026-01-16 10:32,Largos,25468.0,-51.0,118.0,2026-01-14 19:38,NO,-51.0,67.0
2026-01-16 10:33,2026-01-16 10:48,Cortos,25416.0,0.0,2.0,2026-01-16 10:47,NO,0.0,2.0
2026-01-16 11:28,2026-01-19 12:48,Largos,25449.0,-399.0,429.0,2026-01-19 11:46,NO,-399.0,30.0
2025-11-20 12:48,2025-11-20 14:49,Cortos,23558.0,-85.0,109.0,2025-11-20 14:32,NO,-85.0,24.0
2025-11-20 15:04,2025-11-24 14:24,Largos,23672.0,-209.0,557.0,2025-11-20 21:58,SÍ,-500.0,348.0
2025-11-24 14:24,2025-11-25 09:38,Cortos,23467.0,-2.0,52.0,2025-11-24 16:40,NO,-2.0,50.0
2025-11-25 12:36,2025-12-01 11:51,Largos,23431.0,299.0,7.0,2025-11-25 12:55,NO,299.0,306.0
2025-12-01 13:32,2025-12-01 16:03,Cortos,23650.0,-153.0,161.0,2025-12-01 16:00,NO,-153.0,8.0
2025-12-01 16:03,2025-12-03 09:24,Largos,23798.0,174.0,55.0,2025-12-01 21:56,NO,174.0,229.0
2025-12-03 17:30,2025-12-04 14:46,Largos,23867.0,216.0,11.0,2025-12-03 17:58,NO,216.0,227.0
2025-12-04 17:31,2025-12-05 09:04,Largos,24072.0,70.0,61.0,2025-12-04 20:23,NO,70.0,131.0
2025-12-05 09:25,2025-12-05 17:04,Largos,24168.0,94.0,23.0,2025-12-05 10:40,NO,94.0,117.0
2025-12-08 12:36,2025-12-09 09:17,Cortos,24238.0,-97.0,99.0,2025-12-09 09:17,NO,-97.0,2.0
2025-12-09 09:25,2025-12-09 09:33,Cortos,24361.0,31.0,0.0,2025-12-09 09:25,NO,31.0,31.0
2025-12-09 13:53,2025-12-10 12:58,Largos,24303.0,-60.0,124.0,2025-12-10 10:16,NO,-60.0,64.0
2025-12-10 13:55,2025-12-10 15:36,Cortos,24226.0,-5.0,25.0,2025-12-10 15:32,NO,-5.0,20.0
2025-12-10 15:52,2025-12-11 09:04,Largos,24240.0,-22.0,97.0,2025-12-11 04:09,NO,-22.0,75.0
2025-12-11 09:20,2025-12-11 11:15,Largos,24225.0,75.0,9.0,2025-12-11 09:20,NO,75.0,84.0
2025-12-11 11:45,2025-12-15 16:32,Largos,24325.0,43.0,22.0,2025-12-11 13:08,NO,43.0,65.0
2025-12-16 10:25,2025-12-16 15:26,Largos,24342.0,-77.0,81.0,2025-12-16 15:21,NO,-77.0,4.0
2025-12-16 15:45,2025-12-16 15:58,Largos,24245.0,27.0,6.0,2025-12-16 15:45,NO,27.0,33.0
2025-12-16 16:46,2025-12-16 17:05,Largos,24213.0,40.0,13.0,2025-12-16 16:50,NO,40.0,53.0
2025-12-17 09:38,2025-12-17 10:04,Largos,24347.0,-38.0,41.0,2025-12-17 09:56,NO,-38.0,3.0
2025-12-17 12:08,2025-12-17 12:17,Largos,24263.0,-30.0,31.0,2025-12-17 12:16,NO,-30.0,1.0
2025-12-17 16:54,2025-12-17 17:16,Largos,24167.0,-41.0,42.0,2025-12-17 17:15,NO,-41.0,1.0
2025-12-18 09:50,2025-12-18 12:11,Cortos,24127.0,-59.0,68.0,2025-12-18 12:11,NO,-59.0,9.0
2025-12-18 15:38,2025-12-18 15:46,Cortos,24253.0,2.0,2.0,2025-12-18 15:38,NO,2.0,4.0
2025-12-18 16:44,2025-12-18 17:00,Largos,24310.0,35.0,4.0,2025-12-18 16:44,NO,35.0,39.0
2025-12-18 17:00,2025-12-18 17:05,Cortos,24358.0,30.0,1.0,2025-12-18 17:00,NO,30.0,31.0
2025-12-18 17:33,2025-12-19 11:52,Largos,24371.0,17.0,122.0,2025-12-18 18:17,NO,17.0,139.0
2025-12-19 15:48,2025-12-19 17:13,Largos,24417.0,43.0,10.0,2025-12-19 15:49,NO,43.0,53.0
2025-10-17 15:52,2025-10-20 13:00,Largos,24198.0,153.0,114.0,2025-10-17 17:35,NO,153.0,267.0
2025-10-20 15:04,2025-10-27 15:06,Largos,24445.0,84.0,244.0,2025-10-22 18:30,NO,84.0,328.0
2025-10-28 09:13,2025-10-28 15:08,Cortos,24463.0,-60.0,135.0,2025-10-28 14:15,NO,-60.0,75.0
2025-10-28 16:12,2025-10-29 09:03,Cortos,24573.0,67.0,10.0,2025-10-28 16:23,NO,67.0,77.0
2025-10-29 14:16,2025-10-30 11:00,Largos,24505.0,-167.0,254.0,2025-10-29 19:45,NO,-167.0,87.0
2025-10-30 13:35,2025-10-30 17:37,Largos,24331.0,28.0,59.0,2025-10-30 14:26,NO,28.0,87.0
2025-10-31 09:02,2025-11-04 09:02,Cortos,24355.0,318.0,139.0,2025-11-03 12:16,NO,318.0,457.0
2025-11-04 09:23,2025-11-04 09:35,Largos,23990.0,34.0,2.0,2025-11-04 09:23,NO,34.0,36.0
2025-11-04 10:24,2025-11-04 11:44,Cortos,23939.0,-62.0,68.0,2025-11-04 11:41,NO,-62.0,6.0
2025-11-04 14:31,2025-11-04 15:45,Largos,24060.0,59.0,2.0,2025-11-04 14:31,NO,59.0,61.0
2025-11-04 16:00,2025-11-04 16:13,Cortos,24173.0,4.0,12.0,2025-11-04 16:05,NO,4.0,16.0
2025-11-04 16:13,2025-11-04 16:40,Largos,24157.0,40.0,0.0,2025-11-04 16:13,NO,40.0,40.0
2025-11-04 16:40,2025-11-04 16:59,Cortos,24202.0,29.0,0.0,2025-11-04 16:40,NO,29.0,29.0
2025-11-04 16:59,2025-11-06 15:36,Largos,24171.0,14.0,354.0,2025-11-05 02:31,NO,14.0,368.0
2025-11-06 15:36,2025-11-07 09:59,Cortos,24190.0,219.0,8.0,2025-11-06 15:36,NO,219.0,227.0
2025-11-07 12:04,2025-11-10 10:48,Cortos,23804.0,-393.0,395.0,2025-11-10 10:47,NO,-393.0,2.0
2025-11-10 14:32,2025-11-10 16:32,Cortos,24230.0,-4.0,12.0,2025-11-10 15:10,NO,-4.0,8.0
2025-11-10 16:32,2025-11-12 10:00,Largos,24225.0,336.0,53.0,2025-11-11 13:01,NO,336.0,389.0
2025-11-12 10:35,2025-11-13 10:40,Largos,24594.0,-69.0,83.0,2025-11-13 10:38,NO,-69.0,14.0
2025-11-13 13:45,2025-11-14 16:32,Cortos,24484.0,436.0,5.0,2025-11-13 14:32,NO,436.0,441.0
2025-11-17 10:43,2025-11-17 12:42,Cortos,24065.0,82.0,0.0,2025-11-17 10:43,NO,82.0,82.0
2025-11-17 12:42,2025-11-17 15:28,Largos,23972.0,-105.0,122.0,2025-11-17 14:50,NO,-105.0,17.0
2025-11-17 16:00,2025-11-17 17:20,Largos,23924.0,-177.0,183.0,2025-11-17 17:20,NO,-177.0,6.0
2025-11-17 17:20,2025-11-18 10:10,Cortos,23749.0,236.0,119.0,2025-11-17 18:35,NO,236.0,355.0
2025-11-18 10:24,2025-11-18 10:36,Largos,23541.0,-40.0,44.0,2025-11-18 10:36,NO,-40.0,4.0
2025-11-18 12:49,2025-11-19 09:02,Cortos,23510.0,126.0,8.0,2025-11-18 12:55,NO,126.0,134.0
2025-11-19 16:30,2025-11-19 17:04,Largos,23573.0,-130.0,139.0,2025-11-19 16:58,NO,-130.0,9.0
2025-09-23 09:12,2025-09-23 10:21,Cortos,23946.0,-33.0,37.0,2025-09-23 10:20,NO,-33.0,4.0
2025-09-23 10:40,2025-09-23 12:06,Largos,23978.0,-59.0,59.0,2025-09-23 12:06,NO,-59.0,0.0
2025-09-23 14:29,2025-09-23 14:59,Cortos,23942.0,-1.0,5.0,2025-09-23 14:58,NO,-1.0,4.0
2025-09-24 09:32,2025-09-24 09:48,Largos,23799.0,55.0,9.0,2025-09-24 09:32,NO,55.0,64.0
2025-09-24 13:43,2025-09-24 13:48,Largos,23843.0,7.0,0.0,2025-09-24 13:43,NO,7.0,7.0
2025-09-24 14:01,2025-09-24 15:07,Cortos,23907.0,-38.0,49.0,2025-09-24 14:37,NO,-38.0,11.0
2025-09-24 15:43,2025-09-24 16:01,Cortos,23989.0,44.0,2.0,2025-09-24 15:43,NO,44.0,46.0
2025-09-24 16:32,2025-09-24 16:49,Cortos,24001.0,-6.0,29.0,2025-09-24 16:42,NO,-6.0,23.0
2025-09-25 10:00,2025-09-25 11:37,Largos,23888.0,-55.0,70.0,2025-09-25 10:53,NO,-55.0,15.0
2025-09-25 13:21,2025-09-25 14:00,Largos,23670.0,17.0,5.0,2025-09-25 13:42,NO,17.0,22.0
2025-09-25 16:48,2025-09-25 17:27,Cortos,23831.0,28.0,22.0,2025-09-25 16:53,NO,28.0,50.0
2025-09-26 10:11,2025-09-26 10:51,Cortos,23970.0,68.0,7.0,2025-09-26 10:16,NO,68.0,75.0
2025-09-26 14:45,2025-09-26 16:49,Cortos,24028.0,50.0,24.0,2025-09-26 16:00,NO,50.0,74.0
2025-09-29 17:12,2025-09-30 09:07,Cortos,24069.0,84.0,9.0,2025-09-29 17:19,NO,84.0,93.0
2025-09-30 17:05,2025-09-30 17:19,Cortos,24154.0,0.0,37.0,2025-09-30 17:08,NO,0.0,37.0
2025-10-01 11:30,2025-10-01 11:43,Cortos,24251.0,-15.0,18.0,2025-10-01 11:35,NO,-15.0,3.0
2025-10-01 12:21,2025-10-01 13:02,Cortos,24288.0,-15.0,19.0,2025-10-01 13:00,NO,-15.0,4.0
2025-10-01 13:10,2025-10-01 15:27,Cortos,24281.0,-30.0,30.0,2025-10-01 15:27,NO,-30.0,0.0
2025-10-01 16:25,2025-10-02 10:29,Cortos,24423.0,-278.0,286.0,2025-10-02 10:29,NO,-278.0,8.0
2025-10-02 10:29,2025-10-02 11:36,Largos,24698.0,-14.0,24.0,2025-10-02 10:35,NO,-14.0,10.0
2025-10-06 16:21,2025-10-07 13:08,Cortos,24713.0,-9.0,27.0,2025-10-06 21:49,NO,-9.0,18.0
2025-10-07 13:09,2025-10-07 17:26,Largos,24723.0,-58.0,71.0,2025-10-07 17:09,NO,-58.0,13.0
2025-10-07 17:27,2025-10-08 11:38,Largos,24665.0,117.0,36.0,2025-10-07 18:20,NO,117.0,153.0
2025-10-08 11:39,2025-10-08 12:42,Cortos,24784.0,2.0,1.0,2025-10-08 12:38,NO,2.0,3.0
2025-10-10 12:43,2025-10-10 17:24,Largos,24844.0,-274.0,279.0,2025-10-10 17:24,NO,-274.0,5.0
2025-10-14 09:52,2025-10-14 09:58,Largos,24382.0,8.0,1.0,2025-10-14 09:52,NO,8.0,9.0
2025-10-15 12:56,2025-10-16 09:02,Cortos,24529.0,82.0,28.0,2025-10-15 16:10,NO,82.0,110.0
2025-10-16 09:03,2025-10-16 10:50,Cortos,24448.0,52.0,2.0,2025-10-16 09:56,NO,52.0,54.0
2025-10-16 12:00,2025-10-16 13:58,Largos,24468.0,-23.0,31.0,2025-10-16 13:41,NO,-23.0,8.0
2025-10-16 16:17,2025-10-16 17:16,Cortos,24399.0,-132.0,144.0,2025-10-16 17:11,NO,-132.0,12.0
2025-10-16 17:17,2025-10-17 11:41,Largos,24532.0,-518.0,592.0,2025-10-17 09:20,SÍ,-500.0,74.0
2025-08-20 09:07,2025-08-21 09:08,Cortos,24588.0,-58.0,132.0,2025-08-20 11:14,NO,-58.0,74.0
2025-08-21 13:38,2025-08-21 15:59,Largos,24534.0,45.0,15.0,2025-08-21 13:47,NO,45.0,60.0
2025-08-22 10:26,2025-08-22 10:33,Cortos,24658.0,-12.0,14.0,2025-08-22 10:33,NO,-12.0,2.0
2025-08-22 16:01,2025-08-25 09:04,Cortos,24746.0,141.0,50.0,2025-08-22 16:17,NO,141.0,191.0
2025-08-25 10:16,2025-08-25 10:29,Largos,24568.0,32.0,7.0,2025-08-25 10:16,NO,32.0,39.0
2025-08-25 12:37,2025-08-25 13:06,Cortos,24663.0,-11.0,11.0,2025-08-25 13:06,NO,-11.0,0.0
2025-08-25 15:28,2025-08-25 16:10,Cortos,24713.0,47.0,0.0,2025-08-25 15:28,NO,47.0,47.0
2025-08-25 16:43,2025-08-25 17:06,Largos,24605.0,19.0,29.0,2025-08-25 16:54,NO,19.0,48.0
2025-08-26 09:04,2025-08-26 09:13,Largos,24469.0,-78.0,98.0,2025-08-26 09:13,NO,-78.0,20.0
2025-08-26 09:13,2025-08-26 09:31,Cortos,24387.0,-37.0,40.0,2025-08-26 09:31,NO,-37.0,3.0
2025-08-26 09:31,2025-08-26 09:58,Largos,24403.0,87.0,0.0,2025-08-26 09:31,NO,87.0,87.0
2025-08-26 10:05,2025-08-26 14:36,Largos,24489.0,72.0,28.0,2025-08-26 11:40,NO,72.0,100.0
2025-08-26 16:09,2025-08-26 16:21,Cortos,24590.0,-6.0,6.0,2025-08-26 16:21,NO,-6.0,0.0
2025-08-26 16:46,2025-08-26 17:26,Cortos,24578.0,53.0,3.0,2025-08-26 16:48,NO,53.0,56.0
2025-08-27 10:15,2025-08-27 11:11,Largos,24433.0,16.0,83.0,2025-08-27 10:49,NO,16.0,99.0
2025-08-27 11:14,2025-08-27 11:28,Cortos,24447.0,-17.0,17.0,2025-08-27 11:28,NO,-17.0,0.0
2025-08-27 13:10,2025-08-27 15:56,Largos,24467.0,-101.0,103.0,2025-08-27 15:56,NO,-101.0,2.0
2025-08-27 16:37,2025-08-28 09:02,Largos,24343.0,171.0,40.0,2025-08-28 02:26,NO,171.0,211.0
2025-08-28 09:06,2025-08-28 09:10,Cortos,24511.0,28.0,2.0,2025-08-28 09:06,NO,28.0,30.0
2025-08-28 10:39,2025-08-28 10:55,Largos,24421.0,-6.0,15.0,2025-08-28 10:55,NO,-6.0,9.0
2025-08-28 12:09,2025-08-28 12:11,Largos,24367.0,-8.0,10.0,2025-08-28 12:11,NO,-8.0,2.0
2025-08-29 10:47,2025-08-29 15:00,Largos,24219.0,139.0,7.0,2025-08-29 11:20,NO,139.0,146.0
2025-08-29 15:08,2025-08-29 15:59,Largos,24365.0,-45.0,55.0,2025-08-29 15:59,NO,-45.0,10.0
2025-09-02 09:54,2025-09-02 10:15,Largos,24097.0,17.0,29.0,2025-09-02 10:12,NO,17.0,46.0
2025-09-02 12:18,2025-09-02 14:15,Largos,24057.0,-102.0,110.0,2025-09-02 14:09,NO,-102.0,8.0
2025-09-02 14:41,2025-09-02 17:08,Largos,23882.0,-56.0,64.0,2025-09-02 17:06,NO,-56.0,8.0
2025-09-02 17:29,2025-09-03 09:54,Cortos,23828.0,-63.0,145.0,2025-09-03 02:30,NO,-63.0,82.0
2025-09-03 10:10,2025-09-04 12:20,Largos,23931.0,151.0,74.0,2025-09-03 19:45,NO,151.0,225.0
2025-09-04 12:20,2025-09-04 12:51,Cortos,24084.0,2.0,7.0,2025-09-04 12:20,NO,2.0,9.0
2025-09-04 12:51,2025-09-05 09:02,Largos,24080.0,84.0,53.0,2025-09-04 14:41,NO,84.0,137.0
2025-09-05 11:36,2025-09-05 14:02,Largos,24139.0,-23.0,31.0,2025-09-05 13:02,NO,-23.0,8.0
2025-09-08 09:03,2025-09-08 09:47,Cortos,24074.0,-27.0,38.0,2025-09-08 09:46,NO,-27.0,11.0
2025-09-10 09:15,2025-09-10 10:44,Largos,24141.0,-90.0,95.0,2025-09-10 10:33,NO,-90.0,5.0
2025-09-10 10:44,2025-09-10 11:27,Cortos,24062.0,46.0,20.0,2025-09-10 10:48,NO,46.0,66.0
2025-09-10 15:55,2025-09-10 16:18,Largos,23954.0,-32.0,38.0,2025-09-10 16:18,NO,-32.0,6.0
2025-09-11 14:22,2025-09-11 14:37,Cortos,24006.0,45.0,28.0,2025-09-11 14:23,NO,45.0,73.0
2025-09-11 14:52,2025-09-11 15:00,Cortos,24000.0,-35.0,41.0,2025-09-11 15:00,NO,-35.0,6.0
2025-09-11 15:47,2025-09-11 16:32,Cortos,24038.0,42.0,59.0,2025-09-11 15:58,NO,42.0,101.0
2025-09-11 16:46,2025-09-12 11:24,Cortos,23991.0,46.0,110.0,2025-09-12 09:05,NO,46.0,156.0
2025-09-12 14:18,2025-09-12 14:25,Cortos,23995.0,12.0,0.0,2025-09-12 14:18,NO,12.0,12.0
2025-09-12 15:36,2025-09-12 16:41,Cortos,24013.0,9.0,10.0,2025-09-12 15:59,NO,9.0,19.0
2025-09-15 10:15,2025-09-15 11:16,Cortos,24136.0,58.0,25.0,2025-09-15 10:21,NO,58.0,83.0
2025-09-15 13:27,2025-09-15 14:31,Cortos,24130.0,11.0,28.0,2025-09-15 14:15,NO,11.0,39.0
2025-09-15 15:02,2025-09-15 15:16,Largos,24064.0,-29.0,36.0,2025-09-15 15:15,NO,-29.0,7.0
2025-09-15 15:32,2025-09-15 16:21,Largos,24011.0,44.0,43.0,2025-09-15 15:42,NO,44.0,87.0
2025-09-16 12:02,2025-09-16 12:37,Largos,23916.0,32.0,14.0,2025-09-16 12:13,NO,32.0,46.0
2025-09-16 13:17,2025-09-16 14:03,Largos,23904.0,-1.0,12.0,2025-09-16 13:20,NO,-1.0,11.0
2025-09-16 15:07,2025-09-16 17:02,Largos,23857.0,-199.0,200.0,2025-09-16 17:02,NO,-199.0,1.0
2025-09-17 09:03,2025-09-17 09:40,Largos,23710.0,32.0,7.0,2025-09-17 09:07,NO,32.0,39.0
2025-09-17 11:46,2025-09-17 12:33,Largos,23644.0,-11.0,13.0,2025-09-17 11:59,NO,-11.0,2.0
2025-09-17 12:44,2025-09-17 15:49,Cortos,23611.0,-129.0,132.0,2025-09-17 15:40,NO,-129.0,3.0
2025-09-17 17:06,2025-09-17 17:28,Largos,23607.0,30.0,4.0,2025-09-17 17:06,NO,30.0,34.0
2025-09-18 09:06,2025-09-18 09:15,Cortos,23827.0,-79.0,79.0,2025-09-18 09:15,NO,-79.0,0.0
2025-09-18 11:32,2025-09-18 16:27,Cortos,23941.0,-35.0,39.0,2025-09-18 16:25,NO,-35.0,4.0
2025-09-19 10:11,2025-09-19 10:33,Cortos,24083.0,41.0,3.0,2025-09-19 10:11,NO,41.0,44.0
2025-09-19 11:02,2025-09-19 11:02,Largos,23998.0,13.0,0.0,2025-09-19 11:02,NO,13.0,13.0
2025-09-19 12:08,2025-09-19 13:12,Largos,23905.0,20.0,2.0,2025-09-19 12:08,NO,20.0,22.0
2025-07-18 09:01,2025-07-22 13:08,Largos,24888.0,-441.0,464.0,2025-07-22 13:03,NO,-441.0,23.0
2025-07-23 09:43,2025-07-23 10:49,Largos,24583.0,102.0,2.0,2025-07-23 09:43,NO,102.0,104.0
2025-07-23 11:30,2025-07-24 09:03,Largos,24618.0,265.0,112.0,2025-07-23 16:05,NO,265.0,377.0
2025-07-25 09:02,2025-07-25 09:05,Largos,24496.0,-24.0,34.0,2025-07-25 09:05,NO,-24.0,10.0
2025-07-25 11:16,2025-07-25 16:53,Largos,24541.0,82.0,90.0,2025-07-25 15:05,NO,82.0,172.0
2025-07-28 09:12,2025-07-28 10:59,Cortos,24791.0,120.0,12.0,2025-07-28 09:12,NO,120.0,132.0
2025-07-28 11:24,2025-07-28 11:54,Largos,24643.0,42.0,14.0,2025-07-28 11:24,NO,42.0,56.0
2025-07-28 14:05,2025-07-29 12:16,Largos,24593.0,55.0,292.0,2025-07-28 20:05,NO,55.0,347.0
2025-07-29 12:20,2025-07-29 13:02,Largos,24668.0,2.0,9.0,2025-07-29 12:21,NO,2.0,11.0
2025-07-29 16:40,2025-07-29 17:29,Largos,24635.0,-56.0,83.0,2025-07-29 17:08,NO,-56.0,27.0
2025-07-30 12:06,2025-07-30 15:43,Largos,24654.0,-14.0,51.0,2025-07-30 14:10,NO,-14.0,37.0
2025-07-31 12:20,2025-07-31 14:02,Cortos,24682.0,82.0,1.0,2025-07-31 12:20,NO,82.0,83.0
2025-07-31 14:02,2025-07-31 15:20,Largos,24586.0,-27.0,33.0,2025-07-31 15:20,NO,-27.0,6.0
2025-07-31 15:25,2025-07-31 17:33,Cortos,24545.0,87.0,45.0,2025-07-31 15:37,NO,87.0,132.0
2025-08-01 09:07,2025-08-01 12:59,Largos,24160.0,-193.0,203.0,2025-08-01 12:52,NO,-193.0,10.0
2025-08-01 14:45,2025-08-01 15:51,Cortos,23976.0,188.0,0.0,2025-08-01 14:45,NO,188.0,188.0
2025-08-04 09:14,2025-08-04 16:42,Largos,23925.0,193.0,9.0,2025-08-04 09:15,NO,193.0,202.0
2025-08-05 10:02,2025-08-05 10:02,Largos,24198.0,6.0,4.0,2025-08-05 10:02,NO,6.0,10.0
2025-08-05 13:44,2025-08-05 16:44,Cortos,24320.0,134.0,28.0,2025-08-05 14:15,NO,134.0,162.0
2025-08-05 16:48,2025-08-05 17:14,Largos,24170.0,44.0,25.0,2025-08-05 16:48,NO,44.0,69.0
2025-08-06 13:41,2025-08-06 17:05,Largos,24218.0,36.0,27.0,2025-08-06 14:06,NO,36.0,63.0
2025-08-07 09:04,2025-08-07 09:41,Largos,24284.0,45.0,18.0,2025-08-07 09:05,NO,45.0,63.0
2025-08-07 10:02,2025-08-07 11:23,Cortos,24443.0,-240.0,246.0,2025-08-07 11:14,NO,-240.0,6.0
2025-08-07 11:36,2025-08-07 12:25,Cortos,24737.0,92.0,6.0,2025-08-07 11:36,NO,92.0,98.0
2025-08-07 12:31,2025-08-07 13:04,Cortos,24632.0,-44.0,45.0,2025-08-07 13:04,NO,-44.0,1.0
2025-08-07 14:07,2025-08-07 16:02,Largos,24666.0,-54.0,57.0,2025-08-07 16:02,NO,-54.0,3.0
2025-08-08 10:12,2025-08-11 10:01,Largos,24524.0,-80.0,83.0,2025-08-11 10:01,NO,-80.0,3.0
2025-08-11 10:01,2025-08-12 09:33,Cortos,24458.0,34.0,97.0,2025-08-12 06:54,NO,34.0,131.0
2025-08-12 11:57,2025-08-12 14:45,Largos,24341.0,72.0,49.0,2025-08-12 13:46,NO,72.0,121.0
2025-08-12 17:26,2025-08-13 09:03,Largos,24415.0,119.0,32.0,2025-08-12 18:11,NO,119.0,151.0
2025-08-14 09:20,2025-08-14 09:26,Cortos,24614.0,-15.0,15.0,2025-08-14 09:26,NO,-15.0,0.0
2025-08-14 09:26,2025-08-14 13:32,Largos,24621.0,83.0,45.0,2025-08-14 10:56,NO,83.0,128.0
2025-08-14 13:32,2025-08-14 15:04,Cortos,24700.0,75.0,24.0,2025-08-14 13:57,NO,75.0,99.0
2025-08-14 15:36,2025-08-14 16:07,Cortos,24684.0,-28.0,30.0,2025-08-14 16:07,NO,-28.0,2.0
2025-08-14 16:18,2025-08-14 16:31,Cortos,24712.0,-24.0,24.0,2025-08-14 16:31,NO,-24.0,0.0
2025-08-14 16:31,2025-08-15 09:01,Largos,24722.0,158.0,15.0,2025-08-14 17:26,NO,158.0,173.0
2025-08-15 09:01,2025-08-15 09:32,Cortos,24894.0,100.0,4.0,2025-08-15 09:01,NO,100.0,104.0
2025-08-15 09:56,2025-08-15 10:07,Cortos,24860.0,-7.0,17.0,2025-08-15 10:00,NO,-7.0,10.0
2025-08-18 09:02,2025-08-18 09:22,Cortos,24663.0,30.0,11.0,2025-08-18 09:16,NO,30.0,41.0
2025-08-18 09:24,2025-08-18 09:36,Largos,24628.0,-11.0,34.0,2025-08-18 09:34,NO,-11.0,23.0
2025-08-18 10:05,2025-08-19 15:12,Cortos,24625.0,-157.0,163.0,2025-08-19 15:12,NO,-157.0,6.0
2025-08-19 15:12,2025-08-19 17:29,Largos,24780.0,7.0,28.0,2025-08-19 17:06,NO,7.0,35.0
2025-06-20 13:17,2025-06-23 09:03,Cortos,23727.0,106.0,174.0,2025-06-20 13:48,NO,106.0,280.0
2025-06-23 09:24,2025-06-24 10:08,Largos,23709.0,356.0,226.0,2025-06-23 13:45,NO,356.0,582.0
2025-06-24 10:49,2025-06-27 09:06,Largos,24161.0,51.0,292.0,2025-06-25 19:40,NO,51.0,343.0
2025-06-27 12:02,2025-06-27 15:53,Cortos,24227.0,-65.0,68.0,2025-06-27 15:53,NO,-65.0,3.0
2025-06-27 15:53,2025-06-30 14:34,Largos,24288.0,100.0,0.0,2025-06-27 15:53,NO,100.0,100.0
2025-06-30 15:42,2025-06-30 16:47,Largos,24324.0,32.0,64.0,2025-06-30 16:01,NO,32.0,96.0
2025-07-01 11:51,2025-07-01 12:07,Largos,24180.0,48.0,14.0,2025-07-01 11:52,NO,48.0,62.0
2025-07-01 12:14,2025-07-02 10:17,Cortos,24230.0,48.0,33.0,2025-07-02 06:50,NO,48.0,81.0
2025-07-02 14:16,2025-07-03 11:12,Cortos,24122.0,-107.0,181.0,2025-07-03 08:54,NO,-107.0,74.0
2025-07-03 12:10,2025-07-03 14:48,Largos,24198.0,49.0,9.0,2025-07-03 12:20,NO,49.0,58.0
2025-07-03 15:38,2025-07-04 12:42,Largos,24283.0,-130.0,184.0,2025-07-04 10:46,NO,-130.0,54.0
2025-07-04 15:37,2025-07-04 15:41,Cortos,24193.0,-31.0,34.0,2025-07-04 15:41,NO,-31.0,3.0
2025-07-04 15:50,2025-07-09 16:01,Largos,24229.0,757.0,101.0,2025-07-04 21:07,NO,757.0,858.0
2025-07-10 09:28,2025-07-10 14:13,Largos,25035.0,-79.0,86.0,2025-07-10 14:10,NO,-79.0,7.0
2025-07-10 17:26,2025-07-11 15:52,Largos,24871.0,-232.0,308.0,2025-07-11 11:58,NO,-232.0,76.0
2025-07-11 17:24,2025-07-14 09:03,Cortos,24649.0,232.0,19.0,2025-07-11 17:42,NO,232.0,251.0
2025-07-14 13:57,2025-07-15 17:15,Largos,24424.0,59.0,23.0,2025-07-14 15:05,NO,59.0,82.0
2025-07-15 17:15,2025-07-16 13:47,Cortos,24487.0,-71.0,76.0,2025-07-16 13:25,NO,-71.0,5.0
2025-07-16 13:47,2025-07-16 16:49,Largos,24552.0,-17.0,42.0,2025-07-16 16:36,NO,-17.0,25.0
2025-07-17 09:36,2025-07-17 13:32,Largos,24683.0,-91.0,116.0,2025-07-17 12:14,NO,-91.0,25.0
2025-07-17 13:32,2025-07-17 15:05,Cortos,24594.0,-55.0,56.0,2025-07-17 15:04,NO,-55.0,1.0
2025-05-19 16:32,2025-05-21 14:02,Largos,24297.0,169.0,4.0,2025-05-19 16:33,NO,169.0,173.0
2025-05-22 10:12,2025-05-22 10:34,Cortos,24366.0,-58.0,74.0,2025-05-22 10:33,NO,-58.0,16.0
2025-05-22 11:47,2025-05-22 17:20,Cortos,24397.0,-87.0,88.0,2025-05-22 17:20,NO,-87.0,1.0
2025-05-23 09:18,2025-05-23 12:05,Largos,24534.0,-9.0,70.0,2025-05-23 11:28,NO,-9.0,61.0
2025-05-23 14:20,2025-05-23 15:44,Cortos,23835.0,-222.0,231.0,2025-05-23 15:37,NO,-222.0,9.0
2025-05-26 12:08,2025-05-28 14:55,Largos,24486.0,48.0,126.0,2025-05-27 02:15,NO,48.0,174.0
2025-05-28 17:07,2025-05-29 10:29,Largos,24548.0,3.0,75.0,2025-05-28 17:42,NO,3.0,78.0
2025-05-30 11:18,2025-05-30 17:02,Largos,24586.0,-121.0,152.0,2025-05-30 16:59,NO,-121.0,31.0
2025-06-02 09:09,2025-06-02 13:22,Cortos,24381.0,17.0,35.0,2025-06-02 09:18,NO,17.0,52.0
2025-06-02 16:24,2025-06-02 16:48,Cortos,24317.0,-53.0,89.0,2025-06-02 16:36,NO,-53.0,36.0
2025-06-02 17:30,2025-06-03 09:02,Largos,24390.0,88.0,28.0,2025-06-02 17:35,NO,88.0,116.0
2025-06-03 16:17,2025-06-04 13:20,Largos,24459.0,206.0,16.0,2025-06-03 16:34,NO,206.0,222.0
2025-06-04 14:46,2025-06-04 15:09,Largos,24646.0,-16.0,20.0,2025-06-04 15:09,NO,-16.0,4.0
2025-06-04 16:00,2025-06-05 10:55,Largos,24641.0,158.0,66.0,2025-06-04 16:00,NO,158.0,224.0
2025-06-05 14:21,2025-06-05 16:07,Largos,24820.0,-136.0,161.0,2025-06-05 15:57,NO,-136.0,25.0
2025-06-06 11:55,2025-06-12 10:00,Largos,24746.0,-685.0,696.0,2025-06-12 09:55,SÍ,-500.0,11.0
2025-06-13 09:57,2025-06-17 11:12,Largos,23941.0,-122.0,221.0,2025-06-17 09:21,NO,-122.0,99.0
2025-06-18 10:06,2025-06-18 11:40,Largos,23925.0,-85.0,102.0,2025-06-18 10:40,NO,-85.0,17.0
2025-06-18 14:28,2025-06-18 16:06,Cortos,23806.0,52.0,0.0,2025-06-18 14:28,NO,52.0,52.0
2025-06-18 16:41,2025-06-18 16:59,Cortos,23813.0,11.0,19.0,2025-06-18 16:43,NO,11.0,30.0
2025-06-19 09:11,2025-06-19 09:39,Largos,23620.0,-51.0,74.0,2025-06-19 09:33,NO,-51.0,23.0
2025-06-19 09:46,2025-06-19 17:30,Cortos,23549.0,81.0,119.0,2025-06-19 11:48,NO,81.0,200.0
2025-04-22 11:55,2025-04-22 13:10,Largos,21701.0,-101.0,130.0,2025-04-22 13:08,NO,-101.0,29.0
2025-04-22 15:29,2025-04-24 09:30,Largos,21649.0,698.0,10.0,2025-04-22 15:30,NO,698.0,708.0
2025-04-24 10:31,2025-04-24 12:02,Cortos,22279.0,-139.0,147.0,2025-04-24 11:46,NO,-139.0,8.0
2025-04-24 12:02,2025-04-28 12:18,Largos,22407.0,548.0,8.0,2025-04-24 14:29,NO,548.0,556.0
2025-04-28 14:16,2025-04-28 17:30,Largos,22908.0,-103.0,115.0,2025-04-28 17:30,NO,-103.0,12.0
2025-04-29 15:18,2025-04-30 09:48,Cortos,22880.0,-215.0,268.0,2025-04-30 09:24,NO,-215.0,53.0
2025-04-30 09:49,2025-04-30 15:15,Largos,23096.0,-254.0,270.0,2025-04-30 15:13,NO,-254.0,16.0
2025-04-30 15:23,2025-04-30 16:44,Cortos,22882.0,-39.0,46.0,2025-04-30 16:44,NO,-39.0,7.0
2025-05-02 09:06,2025-05-02 09:59,Largos,23307.0,48.0,16.0,2025-05-02 09:14,NO,48.0,64.0
2025-05-02 14:01,2025-05-02 14:48,Cortos,23424.0,-132.0,135.0,2025-05-02 14:48,NO,-132.0,3.0
2025-05-02 15:29,2025-05-06 09:55,Largos,23560.0,234.0,89.0,2025-05-02 15:51,NO,234.0,323.0
2025-05-06 10:54,2025-05-06 11:06,Cortos,23615.0,81.0,0.0,2025-05-06 10:54,NO,81.0,81.0
2025-05-06 11:17,2025-05-06 12:00,Cortos,23462.0,-105.0,123.0,2025-05-06 11:59,NO,-105.0,18.0
2025-05-06 13:23,2025-05-07 11:50,Largos,23694.0,53.0,49.0,2025-05-06 13:23,NO,53.0,102.0
2025-05-07 13:21,2025-05-07 14:55,Largos,23759.0,-81.0,81.0,2025-05-07 14:48,NO,-81.0,0.0
2025-05-07 15:27,2025-05-08 15:07,Largos,23659.0,157.0,105.0,2025-05-07 20:08,NO,157.0,262.0
2025-05-09 09:12,2025-05-12 16:00,Largos,24012.0,-44.0,94.0,2025-05-09 13:27,NO,-44.0,50.0
2025-05-13 10:07,2025-05-14 10:07,Largos,24068.0,26.0,52.0,2025-05-14 03:11,NO,26.0,78.0
2025-05-14 13:33,2025-05-14 17:15,Largos,24050.0,-69.0,80.0,2025-05-14 17:11,NO,-69.0,11.0
2025-05-15 12:06,2025-05-16 14:56,Largos,23946.0,238.0,0.0,2025-05-15 12:06,NO,238.0,238.0
2025-03-20 10:17,2025-03-20 12:40,Cortos,23743.0,174.0,2.0,2025-03-20 10:17,NO,174.0,176.0
2025-03-20 12:43,2025-03-21 14:23,Largos,23611.0,-248.0,254.0,2025-03-21 14:23,NO,-248.0,6.0
2025-03-25 09:54,2025-03-25 16:16,Largos,23603.0,82.0,41.0,2025-03-25 10:25,NO,82.0,123.0
2025-03-26 10:46,2025-03-26 11:43,Cortos,23544.0,-69.0,73.0,2025-03-26 11:39,NO,-69.0,4.0
2025-03-27 10:24,2025-03-27 13:00,Largos,23236.0,26.0,11.0,2025-03-27 12:14,NO,26.0,37.0
2025-03-27 14:24,2025-03-27 15:28,Cortos,23189.0,-78.0,99.0,2025-03-27 14:54,NO,-78.0,21.0
2025-03-31 10:40,2025-03-31 13:41,Cortos,22830.0,177.0,34.0,2025-03-31 10:52,NO,177.0,211.0
2025-03-31 15:04,2025-03-31 17:26,Largos,22687.0,96.0,65.0,2025-03-31 15:46,NO,96.0,161.0
2025-04-01 11:24,2025-04-01 12:12,Largos,23124.0,-106.0,126.0,2025-04-01 12:11,NO,-106.0,20.0
2025-04-02 09:03,2025-04-02 14:13,Largos,23073.0,-284.0,314.0,2025-04-02 14:08,NO,-284.0,30.0
2025-04-02 14:14,2025-04-02 15:12,Cortos,22788.0,-18.0,42.0,2025-04-02 15:08,NO,-18.0,24.0
2025-04-02 15:36,2025-04-03 12:48,Largos,22846.0,-366.0,451.0,2025-04-03 09:15,NO,-366.0,85.0
2025-04-03 12:49,2025-04-03 17:30,Cortos,22476.0,174.0,94.0,2025-04-03 14:18,NO,174.0,268.0
2025-04-04 09:21,2025-04-04 11:53,Cortos,22159.0,429.0,1.0,2025-04-04 09:21,NO,429.0,430.0
2025-04-04 12:09,2025-04-04 14:00,Cortos,21579.0,214.0,31.0,2025-04-04 12:12,NO,214.0,245.0
2025-04-04 14:01,2025-04-04 16:48,Largos,21377.0,-300.0,328.0,2025-04-04 16:47,NO,-300.0,28.0
2025-04-07 09:12,2025-04-07 15:36,Largos,19685.0,455.0,107.0,2025-04-07 09:13,NO,455.0,562.0
2025-04-07 16:00,2025-04-09 09:06,Largos,20475.0,-165.0,678.0,2025-04-09 02:17,SÍ,-500.0,513.0
2025-04-09 10:36,2025-04-09 15:24,Cortos,20169.0,12.0,221.0,2025-04-09 11:22,NO,12.0,233.0
2025-04-09 15:58,2025-04-09 17:33,Largos,20327.0,-157.0,223.0,2025-04-09 16:52,NO,-157.0,66.0
2025-04-10 09:08,2025-04-10 09:57,Largos,21812.0,-375.0,389.0,2025-04-10 09:41,NO,-375.0,14.0
2025-04-10 09:58,2025-04-10 12:48,Cortos,21435.0,84.0,27.0,2025-04-10 09:58,NO,84.0,111.0
2025-04-10 15:25,2025-04-15 14:34,Largos,21285.0,351.0,651.0,2025-04-11 11:10,SÍ,-500.0,1002.0
2025-04-15 17:18,2025-04-16 09:36,Largos,21792.0,-220.0,290.0,2025-04-16 07:59,NO,-220.0,70.0
2025-04-16 14:21,2025-04-17 10:32,Largos,21731.0,73.0,185.0,2025-04-16 21:25,NO,73.0,258.0
2025-04-17 16:38,2025-04-17 17:26,Cortos,21712.0,-17.0,58.0,2025-04-17 17:20,NO,-17.0,41.0
2025-02-19 16:12,2025-02-20 14:53,Largos,23226.0,-26.0,117.0,2025-02-19 19:59,NO,-26.0,91.0
2025-02-20 15:23,2025-02-20 16:04,Cortos,23210.0,83.0,53.0,2025-02-20 15:36,NO,83.0,136.0
2025-02-21 09:30,2025-02-21 16:00,Largos,23048.0,-48.0,88.0,2025-02-21 16:00,NO,-48.0,40.0
2025-02-21 16:01,2025-02-21 17:30,Cortos,22999.0,2.0,25.0,2025-02-21 16:16,NO,2.0,27.0
2025-02-24 09:22,2025-02-24 09:54,Cortos,23061.0,-58.0,60.0,2025-02-24 09:54,NO,-58.0,2.0
2025-02-24 12:35,2025-02-24 15:35,Largos,23239.0,-116.0,117.0,2025-02-24 15:35,NO,-116.0,1.0
2025-02-24 15:58,2025-02-25 10:17,Cortos,23041.0,-115.0,124.0,2025-02-24 17:36,NO,-115.0,9.0
2025-02-25 10:18,2025-02-25 11:37,Largos,23155.0,9.0,9.0,2025-02-25 10:51,NO,9.0,18.0
2025-02-25 12:32,2025-02-25 12:33,Largos,23176.0,6.0,1.0,2025-02-25 12:32,NO,6.0,7.0
2025-02-25 16:37,2025-02-26 09:20,Cortos,23116.0,-188.0,243.0,2025-02-26 07:55,NO,-188.0,55.0
2025-02-26 09:21,2025-02-26 15:08,Largos,23303.0,173.0,14.0,2025-02-26 09:28,NO,173.0,187.0
2025-02-26 15:10,2025-02-26 16:00,Cortos,23467.0,0.0,19.0,2025-02-26 15:52,NO,0.0,19.0
2025-02-26 16:06,2025-02-27 09:39,Largos,23472.0,-224.0,233.0,2025-02-27 09:39,NO,-224.0,9.0
2025-02-27 09:40,2025-02-27 10:00,Cortos,23249.0,-12.0,12.0,2025-02-27 10:00,NO,-12.0,0.0
2025-02-27 10:03,2025-02-27 12:51,Largos,23267.0,101.0,10.0,2025-02-27 10:17,NO,101.0,111.0
2025-02-27 13:02,2025-02-27 14:24,Largos,23386.0,-38.0,41.0,2025-02-27 14:24,NO,-38.0,3.0
2025-02-27 14:31,2025-02-27 15:11,Cortos,23347.0,59.0,0.0,2025-02-27 14:31,NO,59.0,59.0
2025-02-27 15:55,2025-02-27 16:18,Cortos,23186.0,-28.0,37.0,2025-02-27 16:18,NO,-28.0,9.0
2025-02-27 16:37,2025-02-28 09:09,Largos,23229.0,-126.0,301.0,2025-02-28 04:38,NO,-126.0,175.0
2025-02-28 09:10,2025-02-28 10:16,Cortos,23106.0,-101.0,103.0,2025-02-28 10:16,NO,-101.0,2.0
2025-02-28 10:17,2025-02-28 11:51,Largos,23208.0,-12.0,45.0,2025-02-28 10:41,NO,-12.0,33.0
2025-02-28 12:26,2025-02-28 14:47,Cortos,23203.0,40.0,4.0,2025-02-28 12:30,NO,40.0,44.0
2025-03-03 09:06,2025-03-04 11:31,Largos,23452.0,-83.0,210.0,2025-03-03 09:31,NO,-83.0,127.0
2025-03-04 14:03,2025-03-05 09:39,Cortos,23235.0,-512.0,516.0,2025-03-05 09:39,SÍ,-500.0,4.0
2025-03-05 09:40,2025-03-05 13:11,Largos,23748.0,62.0,142.0,2025-03-05 10:00,NO,62.0,204.0
2025-03-05 13:30,2025-03-05 14:49,Largos,23797.0,46.0,28.0,2025-03-05 14:28,NO,46.0,74.0
2025-03-06 09:04,2025-03-06 11:00,Largos,23998.0,-138.0,145.0,2025-03-06 11:00,NO,-138.0,7.0
2025-03-06 11:01,2025-03-06 12:48,Cortos,23861.0,-110.0,113.0,2025-03-06 12:44,NO,-110.0,3.0
2025-03-06 12:49,2025-03-06 14:19,Largos,23968.0,-148.0,151.0,2025-03-06 14:19,NO,-148.0,3.0
2025-03-06 14:20,2025-03-06 14:21,Cortos,23816.0,22.0,8.0,2025-03-06 14:20,NO,22.0,30.0
2025-03-06 15:50,2025-03-07 11:44,Largos,23981.0,-232.0,249.0,2025-03-07 09:40,NO,-232.0,17.0
2025-03-07 13:28,2025-03-07 15:50,Cortos,23709.0,-52.0,127.0,2025-03-07 14:31,NO,-52.0,75.0
2025-03-07 15:51,2025-03-10 09:49,Largos,23763.0,-156.0,160.0,2025-03-10 09:49,NO,-156.0,4.0
2025-03-10 09:50,2025-03-10 14:08,Cortos,23605.0,177.0,45.0,2025-03-10 10:51,NO,177.0,222.0
2025-03-10 17:24,2025-03-11 17:30,Cortos,23288.0,256.0,263.0,2025-03-11 10:06,NO,256.0,519.0
2025-03-12 09:03,2025-03-12 09:38,Cortos,23210.0,-33.0,46.0,2025-03-12 09:04,NO,-33.0,13.0
2025-03-12 16:07,2025-03-13 09:54,Cortos,23229.0,-1.0,195.0,2025-03-12 18:37,NO,-1.0,194.0
2025-03-13 11:01,2025-03-13 12:00,Largos,23433.0,-99.0,132.0,2025-03-13 11:57,NO,-99.0,33.0
2025-03-13 13:09,2025-03-13 14:24,Cortos,23167.0,-119.0,125.0,2025-03-13 14:04,NO,-119.0,6.0
2025-03-14 09:00,2025-03-14 09:22,Cortos,23249.0,-35.0,41.0,2025-03-14 09:22,NO,-35.0,6.0
2025-03-14 09:23,2025-03-14 10:24,Largos,23287.0,60.0,8.0,2025-03-14 09:23,NO,60.0,68.0
2025-03-14 11:59,2025-03-14 15:07,Largos,23615.0,6.0,48.0,2025-03-14 12:20,NO,6.0,54.0
2025-03-14 15:36,2025-03-14 16:32,Largos,23594.0,122.0,7.0,2025-03-14 15:36,NO,122.0,129.0
2025-03-17 10:24,2025-03-17 14:18,Cortos,23658.0,-86.0,139.0,2025-03-17 11:41,NO,-86.0,53.0
2025-03-17 14:19,2025-03-18 12:50,Largos,23747.0,396.0,27.0,2025-03-17 14:28,NO,396.0,423.0
2025-03-18 15:14,2025-03-18 15:36,Cortos,24019.0,-82.0,83.0,2025-03-18 15:36,NO,-82.0,1.0
2025-03-18 15:37,2025-03-19 13:32,Largos,24104.0,-214.0,254.0,2025-03-19 09:00,NO,-214.0,40.0
2025-01-17 10:00,2025-01-21 12:52,Largos,21552.0,184.0,2.0,2025-01-17 10:00,NO,184.0,186.0
2025-01-21 17:00,2025-01-22 11:40,Largos,21772.0,275.0,6.0,2025-01-21 17:01,NO,275.0,281.0
2025-01-22 12:01,2025-01-23 09:57,Largos,22055.0,-37.0,78.0,2025-01-22 17:04,NO,-37.0,41.0
2025-01-23 11:24,2025-01-24 15:17,Largos,22080.0,96.0,22.0,2025-01-23 14:14,NO,96.0,118.0
2025-01-24 17:05,2025-01-27 09:40,Largos,22134.0,-269.0,271.0,2025-01-27 09:40,NO,-269.0,2.0
2025-01-27 13:31,2025-01-29 14:00,Largos,21943.0,413.0,1.0,2025-01-27 13:41,NO,413.0,414.0
2025-01-29 15:55,2025-02-03 10:04,Largos,22399.0,-252.0,555.0,2025-02-03 05:39,SÍ,-500.0,303.0
2025-02-03 13:26,2025-02-03 15:53,Largos,22115.0,-61.0,67.0,2025-02-03 13:51,NO,-61.0,6.0
2025-02-03 16:55,2025-02-07 13:34,Largos,22153.0,503.0,113.0,2025-02-04 06:11,NO,503.0,616.0
2025-02-10 09:05,2025-02-11 14:28,Largos,22597.0,130.0,63.0,2025-02-10 10:55,NO,130.0,193.0
2025-02-11 15:48,2025-02-11 17:34,Largos,22726.0,69.0,0.0,2025-02-11 15:48,NO,69.0,69.0
2025-02-12 09:13,2025-02-13 13:10,Largos,22834.0,407.0,126.0,2025-02-12 14:30,NO,407.0,533.0
2025-02-13 16:43,2025-02-14 17:24,Largos,23308.0,-93.0,118.0,2025-02-13 19:43,NO,-93.0,25.0
2025-02-17 10:47,2025-02-18 10:15,Largos,23430.0,67.0,12.0,2025-02-17 11:19,NO,67.0,79.0
2025-02-18 10:48,2025-02-18 11:16,Cortos,23486.0,-37.0,37.0,2025-02-18 11:16,NO,-37.0,0.0
2025-02-18 11:17,2025-02-19 11:25,Largos,23523.0,36.0,16.0,2025-02-18 12:11,NO,36.0,52.0
2025-02-19 11:26,2025-02-19 15:41,Cortos,23562.0,306.0,10.0,2025-02-19 11:27,NO,306.0,316.0
2024-12-23 13:00,2024-12-23 14:11,Cortos,20633.0,-30.0,44.0,2024-12-23 14:00,NO,-30.0,14.0
2025-01-02 12:21,2025-01-02 13:04,Cortos,20590.0,-82.0,84.0,2025-01-02 13:04,NO,-82.0,2.0
2025-01-03 12:43,2025-01-06 11:20,Largos,20704.0,12.0,95.0,2025-01-03 16:21,NO,12.0,107.0
2025-01-06 12:21,2025-01-10 16:22,Largos,20866.0,149.0,125.0,2025-01-06 15:18,NO,149.0,274.0
2025-01-10 17:30,2025-01-13 10:26,Largos,20965.0,-161.0,173.0,2025-01-13 10:04,NO,-161.0,12.0
2025-01-13 13:35,2025-01-16 11:07,Largos,20865.0,469.0,55.0,2025-01-13 15:28,NO,469.0,524.0
2025-01-16 12:54,2025-01-16 17:20,Largos,21374.0,-13.0,44.0,2025-01-16 16:37,NO,-13.0,31.0
2024-11-19 16:55,2024-11-20 10:58,Largos,19817.0,141.0,14.0,2024-11-19 17:02,NO,141.0,155.0
2024-11-20 10:59,2024-11-20 12:33,Cortos,19958.0,23.0,36.0,2024-11-20 11:17,NO,23.0,59.0
2024-11-20 14:22,2024-11-20 17:03,Cortos,19974.0,115.0,0.0,2024-11-20 14:22,NO,115.0,115.0
2024-11-21 09:46,2024-11-21 10:30,Largos,19782.0,-59.0,76.0,2024-11-21 10:29,NO,-59.0,17.0
2024-11-21 11:42,2024-11-21 14:20,Largos,19803.0,102.0,40.0,2024-11-21 11:55,NO,102.0,142.0
2024-11-21 15:55,2024-11-22 19:09,Largos,19872.0,312.0,32.0,2024-11-22 10:27,NO,312.0,344.0
2024-11-25 11:57,2024-11-25 13:53,Cortos,20214.0,1.0,6.0,2024-11-25 13:52,NO,1.0,7.0
2024-11-25 14:27,2024-11-26 16:35,Largos,20227.0,-131.0,191.0,2024-11-26 02:03,NO,-131.0,60.0
2024-11-26 16:36,2024-11-26 17:30,Cortos,20096.0,-24.0,40.0,2024-11-26 17:02,NO,-24.0,16.0
2024-11-26 17:31,2024-11-29 14:49,Largos,20120.0,153.0,169.0,2024-11-27 12:24,NO,153.0,322.0
2024-11-29 17:30,2024-12-02 14:54,Largos,20451.0,275.0,70.0,2024-12-02 07:30,NO,275.0,345.0
2024-12-02 16:00,2024-12-03 09:22,Cortos,20644.0,-183.0,191.0,2024-12-03 09:18,NO,-183.0,8.0
2024-12-03 10:10,2024-12-03 13:54,Largos,20831.0,-35.0,57.0,2024-12-03 12:14,NO,-35.0,22.0
2024-12-03 16:51,2024-12-04 16:44,Largos,20827.0,258.0,10.0,2024-12-03 16:56,NO,258.0,268.0
2024-12-05 12:53,2024-12-13 13:43,Largos,21151.0,132.0,57.0,2024-12-10 03:52,NO,132.0,189.0
2024-12-13 13:50,2024-12-13 16:11,Cortos,21273.0,40.0,35.0,2024-12-13 15:44,NO,40.0,75.0
2024-12-16 10:35,2024-12-16 14:54,Cortos,21169.0,4.0,19.0,2024-12-16 11:54,NO,4.0,23.0
2024-12-16 14:55,2024-12-19 11:37,Largos,21166.0,-343.0,452.0,2024-12-18 21:28,NO,-343.0,109.0
2024-12-19 11:46,2024-12-19 13:30,Cortos,20804.0,-62.0,87.0,2024-12-19 13:18,NO,-62.0,25.0
2024-12-19 13:31,2024-12-19 14:08,Largos,20860.0,2.0,5.0,2024-12-19 13:53,NO,2.0,7.0
2024-10-18 16:30,2024-10-21 11:59,Largos,20552.0,-92.0,114.0,2024-10-21 11:32,NO,-92.0,22.0
2024-10-22 13:54,2024-10-23 10:29,Largos,20328.0,-29.0,65.0,2024-10-23 09:00,NO,-29.0,36.0
2024-10-23 11:17,2024-10-25 09:19,Largos,20326.0,-46.0,141.0,2024-10-23 20:19,NO,-46.0,95.0
2024-10-25 11:14,2024-10-28 12:26,Largos,20367.0,-47.0,100.0,2024-10-25 20:10,NO,-47.0,53.0
2024-10-28 16:13,2024-10-29 11:18,Largos,20399.0,73.0,20.0,2024-10-29 04:58,NO,73.0,93.0
2024-10-30 12:11,2024-10-30 12:36,Cortos,20195.0,31.0,8.0,2024-10-30 12:14,NO,31.0,39.0
2024-10-30 14:58,2024-10-30 15:57,Largos,20172.0,7.0,15.0,2024-10-30 15:00,NO,7.0,22.0
2024-10-30 16:11,2024-10-31 09:14,Cortos,20169.0,180.0,14.0,2024-10-30 16:28,NO,180.0,194.0
2024-10-31 12:33,2024-10-31 12:52,Largos,20012.0,9.0,10.0,2024-10-31 12:43,NO,9.0,19.0
2024-10-31 13:15,2024-10-31 15:19,Largos,20032.0,-83.0,114.0,2024-10-31 15:12,NO,-83.0,31.0
2024-10-31 17:29,2024-11-01 10:30,Largos,19912.0,100.0,19.0,2024-11-01 03:14,NO,100.0,119.0
2024-11-01 11:00,2024-11-05 09:39,Largos,20020.0,-35.0,76.0,2024-11-04 18:10,NO,-35.0,41.0
2024-11-05 13:58,2024-11-05 15:57,Largos,20032.0,-4.0,38.0,2024-11-05 15:30,NO,-4.0,34.0
2024-11-06 09:06,2024-11-06 11:03,Largos,20251.0,42.0,31.0,2024-11-06 10:48,NO,42.0,73.0
2024-11-06 11:47,2024-11-06 15:13,Largos,20291.0,-296.0,307.0,2024-11-06 15:13,NO,-296.0,11.0
2024-11-06 16:51,2024-11-06 17:31,Cortos,19870.0,-10.0,45.0,2024-11-06 17:17,NO,-10.0,35.0
2024-11-07 09:20,2024-11-07 15:30,Largos,20077.0,164.0,12.0,2024-11-07 09:42,NO,164.0,176.0
2024-11-07 15:37,2024-11-07 17:21,Largos,20226.0,4.0,7.0,2024-11-07 17:08,NO,4.0,11.0
2024-11-11 09:24,2024-11-11 16:00,Largos,20289.0,51.0,29.0,2024-11-11 10:04,NO,51.0,80.0
2024-11-13 14:53,2024-11-13 15:47,Cortos,19819.0,59.0,4.0,2024-11-13 14:53,NO,59.0,63.0
2024-11-13 16:16,2024-11-13 16:50,Cortos,19703.0,-25.0,32.0,2024-11-13 16:47,NO,-25.0,7.0
2024-11-14 11:38,2024-11-18 10:36,Largos,20061.0,-75.0,119.0,2024-11-15 09:10,NO,-75.0,44.0
2024-11-18 15:15,2024-11-19 10:26,Largos,19942.0,-134.0,138.0,2024-11-19 10:25,NO,-134.0,4.0
2024-11-19 10:54,2024-11-19 15:16,Largos,19778.0,-96.0,159.0,2024-11-19 15:01,NO,-96.0,63.0
2024-09-16 16:29,2024-09-20 15:49,Largos,19563.0,110.0,37.0,2024-09-16 16:34,NO,110.0,147.0
2024-09-23 14:08,2024-09-23 16:48,Largos,19751.0,-9.0,23.0,2024-09-23 16:39,NO,-9.0,14.0
2024-09-24 12:55,2024-09-30 12:46,Largos,19908.0,403.0,143.0,2024-09-25 09:02,NO,403.0,546.0
2024-10-01 15:53,2024-10-02 09:23,Largos,20199.0,-86.0,143.0,2024-10-01 19:25,NO,-86.0,57.0
2024-10-02 15:11,2024-10-03 09:49,Largos,20033.0,-133.0,140.0,2024-10-03 09:49,NO,-133.0,7.0
2024-10-03 10:36,2024-10-03 12:50,Cortos,19900.0,-91.0,92.0,2024-10-03 12:50,NO,-91.0,1.0
2024-10-04 15:00,2024-10-07 17:33,Largos,20080.0,-77.0,167.0,2024-10-07 11:26,NO,-77.0,90.0
2024-10-09 13:05,2024-10-10 09:24,Largos,20020.0,90.0,48.0,2024-10-09 14:45,NO,90.0,138.0
2024-10-10 13:42,2024-10-11 11:26,Largos,20159.0,-32.0,117.0,2024-10-10 15:50,NO,-32.0,85.0
2024-10-11 15:37,2024-10-11 17:29,Largos,20171.0,94.0,8.0,2024-10-11 15:39,NO,94.0,102.0
2024-10-14 09:08,2024-10-15 11:03,Largos,20323.0,124.0,31.0,2024-10-14 10:57,NO,124.0,155.0
2024-10-15 11:04,2024-10-15 13:33,Cortos,20443.0,-36.0,48.0,2024-10-15 12:34,NO,-36.0,12.0
2024-10-15 13:34,2024-10-18 15:27,Largos,20480.0,69.0,175.0,2024-10-16 12:12,NO,69.0,244.0
2024-08-15 14:57,2024-08-20 12:25,Largos,19094.0,270.0,28.0,2024-08-15 15:01,NO,270.0,298.0
2024-08-21 10:21,2024-08-21 12:53,Largos,19374.0,16.0,25.0,2024-08-21 10:35,NO,16.0,41.0
2024-08-21 13:19,2024-08-27 12:36,Largos,19409.0,199.0,46.0,2024-08-21 16:14,NO,199.0,245.0
2024-08-27 13:40,2024-08-27 16:40,Largos,19663.0,3.0,28.0,2024-08-27 14:50,NO,3.0,31.0
2024-08-28 15:37,2024-08-29 16:03,Largos,19790.0,60.0,108.0,2024-08-28 20:00,NO,60.0,168.0
2024-08-29 17:00,2024-08-30 12:32,Largos,19861.0,49.0,74.0,2024-08-29 20:51,NO,49.0,123.0
2024-08-30 13:09,2024-09-02 17:30,Largos,19918.0,-25.0,188.0,2024-09-02 09:30,NO,-25.0,163.0
2024-09-03 10:10,2024-09-03 11:49,Largos,19928.0,-121.0,129.0,2024-09-03 11:49,NO,-121.0,8.0
2024-09-03 15:41,2024-09-03 17:32,Cortos,19773.0,73.0,11.0,2024-09-03 15:44,NO,73.0,84.0
2024-09-04 09:32,2024-09-04 11:46,Cortos,19518.0,-73.0,74.0,2024-09-04 11:46,NO,-73.0,1.0
2024-09-04 15:45,2024-09-05 09:28,Largos,19552.0,-13.0,115.0,2024-09-05 09:00,NO,-13.0,102.0
2024-09-05 09:29,2024-09-06 11:42,Cortos,19539.0,138.0,81.0,2024-09-05 16:25,NO,138.0,219.0
2024-09-06 11:43,2024-09-06 13:15,Largos,19402.0,25.0,21.0,2024-09-06 12:44,NO,25.0,46.0
2024-09-06 14:50,2024-09-06 16:46,Largos,19480.0,-184.0,195.0,2024-09-06 16:44,NO,-184.0,11.0
2024-09-06 16:47,2024-09-09 11:24,Cortos,19296.0,-75.0,76.0,2024-09-09 11:24,NO,-75.0,1.0
2024-09-09 11:25,2024-09-09 14:27,Largos,19372.0,-86.0,87.0,2024-09-09 14:27,NO,-86.0,1.0
2024-09-09 14:28,2024-09-11 09:31,Cortos,19285.0,8.0,140.0,2024-09-09 19:00,NO,8.0,148.0
2024-09-11 09:32,2024-09-11 10:42,Largos,19275.0,-72.0,77.0,2024-09-11 10:42,NO,-72.0,5.0
2024-09-11 16:17,2024-09-12 11:13,Cortos,19153.0,-342.0,359.0,2024-09-12 09:30,NO,-342.0,17.0
2024-09-12 11:14,2024-09-16 15:44,Largos,19493.0,24.0,205.0,2024-09-12 15:51,NO,24.0,229.0
2024-07-19 16:30,2024-07-22 09:23,Cortos,19215.0,-57.0,82.0,2024-07-22 08:30,NO,-57.0,25.0
2024-07-22 09:35,2024-07-23 15:07,Largos,19254.0,340.0,7.0,2024-07-22 09:37,NO,340.0,347.0
2024-07-25 09:14,2024-07-25 14:01,Cortos,19166.0,-6.0,60.0,2024-07-25 09:19,NO,-6.0,54.0
2024-07-25 14:16,2024-07-25 15:15,Cortos,19176.0,-18.0,44.0,2024-07-25 14:59,NO,-18.0,26.0
2024-07-25 15:21,2024-07-29 15:40,Largos,19212.0,191.0,36.0,2024-07-25 16:14,NO,191.0,227.0
2024-07-29 15:41,2024-07-29 15:51,Cortos,19401.0,10.0,20.0,2024-07-29 15:45,NO,10.0,30.0
2024-07-29 15:52,2024-07-29 17:02,Largos,19391.0,-71.0,72.0,2024-07-29 16:53,NO,-71.0,1.0
2024-07-30 10:01,2024-08-01 10:12,Largos,19388.0,-117.0,122.0,2024-08-01 10:12,NO,-117.0,5.0
2024-08-01 10:13,2024-08-01 11:03,Cortos,19272.0,-16.0,29.0,2024-08-01 10:35,NO,-16.0,13.0
2024-08-01 11:32,2024-08-01 15:39,Largos,19299.0,15.0,32.0,2024-08-01 14:50,NO,15.0,47.0
2024-08-01 16:54,2024-08-02 14:05,Cortos,19088.0,297.0,6.0,2024-08-01 16:57,NO,297.0,303.0
2024-08-02 14:06,2024-08-02 15:05,Largos,18793.0,-92.0,172.0,2024-08-02 14:36,NO,-92.0,80.0
2024-08-02 16:53,2024-08-05 16:24,Cortos,18636.0,449.0,56.0,2024-08-02 21:56,NO,449.0,505.0
2024-08-05 16:25,2024-08-06 11:49,Largos,18183.0,33.0,33.0,2024-08-05 17:01,NO,33.0,66.0
2024-08-06 11:53,2024-08-06 14:20,Largos,18225.0,14.0,11.0,2024-08-06 13:45,NO,14.0,25.0
2024-08-06 14:33,2024-08-06 16:55,Cortos,18192.0,-148.0,178.0,2024-08-06 16:49,NO,-148.0,30.0
2024-08-06 16:59,2024-08-09 17:20,Largos,18326.0,326.0,104.0,2024-08-07 02:15,NO,326.0,430.0
2024-08-12 09:04,2024-08-12 11:09,Largos,18718.0,-58.0,59.0,2024-08-12 11:09,NO,-58.0,1.0
2024-08-12 11:16,2024-08-12 13:22,Cortos,18656.0,-59.0,59.0,2024-08-12 13:19,NO,-59.0,0.0
2024-08-12 13:44,2024-08-12 16:11,Largos,18708.0,-51.0,98.0,2024-08-12 15:57,NO,-51.0,47.0
2024-08-13 09:36,2024-08-13 15:21,Largos,18714.0,-24.0,112.0,2024-08-13 12:35,NO,-24.0,88.0
2024-08-14 09:21,2024-08-14 16:37,Largos,18831.0,-58.0,67.0,2024-08-14 16:34,NO,-58.0,9.0
2024-08-14 17:22,2024-08-15 11:09,Largos,18815.0,80.0,24.0,2024-08-14 18:25,NO,80.0,104.0
2024-06-19 09:25,2024-06-21 11:14,Largos,19173.0,42.0,60.0,2024-06-19 18:04,NO,42.0,102.0
2024-06-21 12:14,2024-06-21 13:26,Cortos,19224.0,-21.0,39.0,2024-06-21 13:05,NO,-21.0,18.0
2024-06-21 14:02,2024-06-21 15:42,Cortos,19230.0,57.0,13.0,2024-06-21 14:55,NO,57.0,70.0
2024-06-21 16:37,2024-06-26 12:13,Largos,19258.0,69.0,116.0,2024-06-25 10:00,NO,69.0,185.0
2024-06-26 13:35,2024-06-26 16:20,Cortos,19229.0,14.0,4.0,2024-06-26 13:35,NO,14.0,18.0
2024-06-27 10:50,2024-06-27 11:23,Cortos,19237.0,0.0,16.0,2024-06-27 11:19,NO,0.0,16.0
2024-06-27 16:27,2024-06-28 13:31,Largos,19306.0,47.0,64.0,2024-06-27 17:12,NO,47.0,111.0
2024-06-28 15:50,2024-06-28 17:03,Largos,19296.0,-1.0,3.0,2024-06-28 17:03,NO,-1.0,2.0
2024-07-01 15:35,2024-07-04 09:40,Largos,19446.0,34.0,370.0,2024-07-02 14:53,NO,34.0,404.0
2024-07-04 17:18,2024-07-05 13:01,Largos,19517.0,152.0,21.0,2024-07-05 06:14,NO,152.0,173.0
2024-07-08 15:02,2024-07-09 14:48,Largos,19625.0,-302.0,311.0,2024-07-09 14:48,NO,-302.0,9.0
2024-07-10 09:06,2024-07-10 10:24,Cortos,19338.0,10.0,5.0,2024-07-10 09:06,NO,10.0,15.0
2024-07-11 10:53,2024-07-11 11:03,Largos,19508.0,-13.0,18.0,2024-07-11 11:03,NO,-13.0,5.0
2024-07-12 10:29,2024-07-15 09:19,Largos,19642.0,124.0,187.0,2024-07-12 14:30,NO,124.0,311.0
2024-07-15 10:16,2024-07-15 15:15,Largos,19781.0,-113.0,116.0,2024-07-15 15:14,NO,-113.0,3.0
2024-07-15 17:04,2024-07-19 09:40,Largos,19668.0,-438.0,441.0,2024-07-19 09:40,NO,-438.0,3.0
2024-05-15 17:30,2024-05-20 16:27,Largos,20126.0,-155.0,295.0,2024-05-17 10:32,NO,-155.0,140.0
2024-05-20 17:30,2024-05-21 13:28,Largos,19983.0,-99.0,142.0,2024-05-21 11:54,NO,-99.0,43.0
2024-05-21 14:14,2024-05-22 09:24,Largos,19877.0,-6.0,43.0,2024-05-21 15:00,NO,-6.0,37.0
2024-05-22 11:17,2024-05-22 12:54,Largos,19874.0,-4.0,27.0,2024-05-22 11:36,NO,-4.0,23.0
2024-05-22 16:06,2024-05-23 15:15,Largos,19894.0,17.0,107.0,2024-05-22 20:42,NO,17.0,124.0
2024-05-23 16:00,2024-05-24 09:16,Largos,19844.0,-146.0,146.0,2024-05-24 09:14,NO,-146.0,0.0
2024-05-24 09:52,2024-05-28 15:44,Largos,19756.0,125.0,0.0,2024-05-24 09:52,NO,125.0,125.0
2024-05-28 16:10,2024-05-29 13:05,Cortos,19843.0,113.0,39.0,2024-05-28 17:30,NO,113.0,152.0
2024-05-29 14:22,2024-05-29 16:00,Cortos,19681.0,-6.0,6.0,2024-05-29 16:00,NO,-6.0,0.0
2024-05-30 10:20,2024-06-04 10:34,Largos,19647.0,-15.0,68.0,2024-05-31 16:26,NO,-15.0,53.0
2024-06-04 10:58,2024-06-04 13:09,Cortos,19594.0,32.0,8.0,2024-06-04 11:00,NO,32.0,40.0
2024-06-04 13:43,2024-06-04 17:00,Largos,19602.0,-16.0,26.0,2024-06-04 16:59,NO,-16.0,10.0
2024-06-05 09:07,2024-06-05 09:15,Cortos,19655.0,-1.0,6.0,2024-06-05 09:08,NO,-1.0,5.0
2024-06-05 09:16,2024-06-05 16:18,Largos,19657.0,41.0,25.0,2024-06-05 10:21,NO,41.0,66.0
2024-06-05 16:45,2024-06-06 09:46,Largos,19714.0,168.0,16.0,2024-06-05 16:50,NO,168.0,184.0
2024-06-06 09:57,2024-06-06 11:21,Largos,19910.0,-26.0,31.0,2024-06-06 10:57,NO,-26.0,5.0
2024-06-06 12:10,2024-06-07 11:20,Largos,19856.0,-221.0,224.0,2024-06-07 11:19,NO,-221.0,3.0
2024-06-07 15:52,2024-06-07 17:00,Largos,19703.0,-1.0,41.0,2024-06-07 15:58,NO,-1.0,40.0
2024-06-10 11:53,2024-06-10 12:16,Cortos,19512.0,-20.0,21.0,2024-06-10 12:07,NO,-20.0,1.0
2024-06-10 12:17,2024-06-11 12:24,Largos,19532.0,-38.0,55.0,2024-06-11 12:01,NO,-38.0,17.0
2024-06-11 12:24,2024-06-12 14:01,Cortos,19502.0,-124.0,136.0,2024-06-12 13:42,NO,-124.0,12.0
2024-06-12 14:44,2024-06-13 12:16,Largos,19688.0,-168.0,169.0,2024-06-13 12:16,NO,-168.0,1.0
2024-06-13 13:15,2024-06-14 09:02,Largos,19567.0,-186.0,230.0,2024-06-13 18:03,NO,-186.0,44.0
2024-06-14 09:03,2024-06-14 09:38,Cortos,19383.0,9.0,12.0,2024-06-14 09:04,NO,9.0,21.0
2024-06-14 10:14,2024-06-14 11:16,Cortos,19283.0,19.0,34.0,2024-06-14 10:18,NO,19.0,53.0
2024-06-14 13:36,2024-06-14 14:10,Largos,19201.0,-83.0,89.0,2024-06-14 14:08,NO,-83.0,6.0
2024-06-14 14:23,2024-06-14 16:13,Largos,19129.0,-52.0,65.0,2024-06-14 16:13,NO,-52.0,13.0
2024-06-17 09:48,2024-06-17 11:17,Cortos,19178.0,61.0,26.0,2024-06-17 10:10,NO,61.0,87.0
2024-06-17 11:35,2024-06-17 14:15,Cortos,19143.0,0.0,17.0,2024-06-17 14:10,NO,0.0,17.0
2024-06-18 16:55,2024-06-18 17:35,Largos,19220.0,13.0,14.0,2024-06-18 17:05,NO,13.0,27.0
2024-04-17 11:50,2024-04-24 14:20,Largos,19176.0,309.0,515.0,2024-04-19 04:19,SÍ,-500.0,824.0
2024-04-24 14:58,2024-04-25 10:01,Cortos,19447.0,165.0,4.0,2024-04-24 15:30,NO,165.0,169.0
2024-04-25 10:14,2024-04-25 15:35,Largos,19317.0,-199.0,207.0,2024-04-25 15:34,NO,-199.0,8.0
2024-04-26 12:10,2024-04-26 14:38,Cortos,19324.0,-46.0,62.0,2024-04-26 14:30,NO,-46.0,16.0
2024-04-26 14:39,2024-04-29 12:22,Largos,19367.0,64.0,53.0,2024-04-26 14:53,NO,64.0,117.0
2024-05-02 09:15,2024-05-02 10:55,Largos,19164.0,-16.0,27.0,2024-05-02 09:29,NO,-16.0,11.0
2024-05-02 17:25,2024-05-03 11:38,Cortos,19167.0,-53.0,95.0,2024-05-03 08:51,NO,-53.0,42.0
2024-05-06 09:03,2024-05-06 12:53,Cortos,19289.0,-130.0,132.0,2024-05-06 12:24,NO,-130.0,2.0
2024-05-06 13:00,2024-05-14 16:00,Largos,19416.0,549.0,59.0,2024-05-06 15:41,NO,549.0,608.0
2024-05-15 10:14,2024-05-15 16:22,Largos,20034.0,52.0,4.0,2024-05-15 14:16,NO,52.0,56.0
2024-03-19 13:48,2024-03-20 09:09,Largos,19342.0,12.0,52.0,2024-03-19 15:37,NO,12.0,64.0
2024-03-20 09:59,2024-03-21 12:24,Largos,19365.0,97.0,15.0,2024-03-20 10:03,NO,97.0,112.0
2024-03-21 14:50,2024-04-02 13:22,Largos,19466.0,390.0,0.0,2024-03-21 14:50,NO,390.0,390.0
2024-04-02 15:16,2024-04-03 12:07,Cortos,19745.0,27.0,0.0,2024-04-02 15:16,NO,27.0,27.0
2024-04-03 16:20,2024-04-04 17:30,Largos,19733.0,43.0,27.0,2024-04-03 21:15,NO,43.0,70.0
2024-04-05 10:09,2024-04-05 13:55,Cortos,19530.0,45.0,1.0,2024-04-05 10:09,NO,45.0,46.0
2024-04-08 09:09,2024-04-08 11:36,Cortos,19561.0,-83.0,87.0,2024-04-08 10:40,NO,-83.0,4.0
2024-04-08 13:31,2024-04-09 12:31,Largos,19637.0,-120.0,122.0,2024-04-09 12:31,NO,-120.0,2.0
2024-04-09 12:32,2024-04-10 09:30,Cortos,19516.0,-35.0,71.0,2024-04-09 14:44,NO,-35.0,36.0
2024-04-10 10:22,2024-04-10 11:53,Largos,19562.0,-30.0,36.0,2024-04-10 11:52,NO,-30.0,6.0
2024-04-10 11:54,2024-04-10 14:58,Cortos,19532.0,164.0,56.0,2024-04-10 13:19,NO,164.0,220.0
2024-04-10 15:51,2024-04-11 16:15,Largos,19373.0,-160.0,166.0,2024-04-11 16:15,NO,-160.0,6.0
2024-04-12 09:24,2024-04-12 11:46,Cortos,19476.0,51.0,25.0,2024-04-12 10:30,NO,51.0,76.0
2024-04-15 09:47,2024-04-15 17:28,Largos,19352.0,-30.0,58.0,2024-04-15 17:23,NO,-30.0,28.0
2024-04-15 17:29,2024-04-16 10:54,Cortos,19322.0,248.0,48.0,2024-04-15 18:04,NO,248.0,296.0
2024-02-20 16:58,2024-02-21 15:03,Largos,18467.0,14.0,50.0,2024-02-20 18:39,NO,14.0,64.0
2024-02-21 17:30,2024-02-28 12:42,Largos,18501.0,509.0,24.0,2024-02-21 21:16,NO,509.0,533.0
2024-02-28 17:30,2024-03-01 09:30,Largos,19014.0,185.0,28.0,2024-02-29 01:15,NO,185.0,213.0
2024-03-01 10:05,2024-03-04 11:16,Largos,19169.0,-13.0,66.0,2024-03-01 15:56,NO,-13.0,53.0
2024-03-04 13:26,2024-03-05 09:36,Largos,19147.0,-83.0,109.0,2024-03-05 07:37,NO,-83.0,26.0
2024-03-05 11:04,2024-03-14 15:46,Largos,19078.0,243.0,65.0,2024-03-07 09:11,NO,243.0,308.0
2024-03-14 17:33,2024-03-15 09:04,Cortos,19328.0,13.0,21.0,2024-03-15 02:55,NO,13.0,34.0
2024-03-15 10:06,2024-03-15 14:18,Largos,19337.0,64.0,11.0,2024-03-15 10:16,NO,64.0,75.0
2024-03-15 15:15,2024-03-15 17:15,Largos,19376.0,-23.0,23.0,2024-03-15 17:15,NO,-23.0,0.0
2024-03-18 09:23,2024-03-18 11:10,Largos,19344.0,29.0,18.0,2024-03-18 09:37,NO,29.0,47.0
2024-03-18 16:01,2024-03-19 09:00,Cortos,19309.0,16.0,14.0,2024-03-18 17:29,NO,16.0,30.0
2024-03-19 10:35,2024-03-19 11:15,Cortos,19336.0,-13.0,20.0,2024-03-19 11:07,NO,-13.0,7.0
2024-01-22 09:03,2024-01-23 15:19,Cortos,18116.0,50.0,74.0,2024-01-23 09:00,NO,50.0,124.0
2024-01-23 16:14,2024-01-24 12:10,Cortos,18099.0,-166.0,166.0,2024-01-24 12:10,NO,-166.0,0.0
2024-01-24 12:11,2024-02-05 09:03,Largos,18265.0,66.0,67.0,2024-02-01 08:21,NO,66.0,133.0
2024-02-05 14:03,2024-02-06 10:13,Cortos,18352.0,37.0,50.0,2024-02-06 09:00,NO,37.0,87.0
2024-02-06 15:42,2024-02-08 09:11,Largos,18405.0,-75.0,82.0,2024-02-07 17:29,NO,-75.0,7.0
2024-02-08 09:55,2024-02-08 13:32,Largos,18318.0,76.0,0.0,2024-02-08 09:55,NO,76.0,76.0
2024-02-08 14:35,2024-02-13 15:31,Largos,18410.0,-168.0,184.0,2024-02-13 15:11,NO,-168.0,16.0
2024-02-14 09:08,2024-02-15 12:26,Largos,18259.0,181.0,20.0,2024-02-14 09:50,NO,181.0,201.0
2024-02-15 13:47,2024-02-19 17:16,Largos,18460.0,27.0,68.0,2024-02-15 15:28,NO,27.0,95.0
2024-01-02 13:46,2024-01-02 16:13,Cortos,18139.0,-111.0,115.0,2024-01-02 16:13,NO,-111.0,4.0
2024-01-02 17:11,2024-01-03 10:15,Largos,18259.0,-79.0,81.0,2024-01-03 10:10,NO,-79.0,2.0
2024-01-03 14:36,2024-01-03 15:09,Largos,18091.0,-77.0,79.0,2024-01-03 15:09,NO,-77.0,2.0
2024-01-03 15:10,2024-01-04 10:10,Cortos,18014.0,-15.0,55.0,2024-01-04 09:42,NO,-15.0,40.0
2024-01-04 10:11,2024-01-05 12:50,Largos,18028.0,-113.0,136.0,2024-01-05 11:50,NO,-113.0,23.0
2024-01-05 13:25,2024-01-11 09:18,Largos,17925.0,334.0,44.0,2024-01-05 14:31,NO,334.0,378.0
2024-01-11 09:45,2024-01-11 09:55,Cortos,18290.0,11.0,8.0,2024-01-11 09:46,NO,11.0,19.0
2024-01-11 09:56,2024-01-12 09:18,Largos,18280.0,-145.0,315.0,2024-01-11 17:40,NO,-145.0,170.0
2024-01-12 12:43,2024-01-15 13:25,Largos,18079.0,18.0,37.0,2024-01-12 12:50,NO,18.0,55.0
2024-01-15 17:05,2024-01-16 12:40,Largos,18066.0,-128.0,175.0,2024-01-16 09:15,NO,-128.0,47.0
2024-01-16 13:45,2024-01-17 12:37,Largos,17996.0,-177.0,236.0,2024-01-17 10:16,NO,-177.0,59.0
2024-01-17 16:46,2024-01-18 13:55,Largos,17799.0,166.0,15.0,2024-01-17 19:48,NO,166.0,181.0
2024-01-19 09:10,2024-01-19 15:58,Cortos,18048.0,85.0,20.0,2024-01-19 09:20,NO,85.0,105.0
